Area,Block,Restaurant,Category,Item,Variant,Price,Notes
CSE Block ,Apartment,LovelyBakeStudio,Pizza,Medium Italian Cheese,,200,
CSE Block ,Apartment,LovelyBakeStudio,Pizza,Medium Onion Cheese,,200,
CSE Block ,Apartment,LovelyBakeStudio,Pizza,Medium Mushroom,,200,
CSE Block ,Apartment,LovelyBakeStudio,Pizza,Medium Extravaganza,,220,
CSE Block ,Apartment,LovelyBakeStudio,Pizza,Medium Paneer Tikka,,230,
CSE Block ,Apartment,LovelyBakeStudio,Pasta,Penne Red Sauce,,200,
CSE Block ,Apartment,LovelyBakeStudio,Pasta,Penne White Sauce,,200,
CSE Block ,Apartment,LovelyBakeStudio,Pasta,Penne Mix Sauce,,200,
CSE Block ,Apartment,LovelyBakeStudio,Grilled Sandwich,Veg. N Corn Sandwich,,120,
CSE Block ,Apartment,LovelyBakeStudio,Grilled Sandwich,Sauteed Mushroom Sandwich,,130,
CSE Block ,Apartment,LovelyBakeStudio,Grilled Sandwich,Masala Paneer Tikka Sandwich,,160,
CSE Block ,Apartment,LovelyBakeStudio,Grilled Sandwich,Veg. Club Sandwich,,160,
CSE Block ,Apartment,LovelyBakeStudio,Maggi,Maggi Original,,70,
CSE Block ,Apartment,LovelyBakeStudio,Maggi,Maggi Onion,,80,
CSE Block ,Apartment,LovelyBakeStudio,Maggi,Maggi Veg Americano,,90,
CSE Block ,Apartment,LovelyBakeStudio,Maggi,Maggi Mushroom N Corn,,90,
CSE Block ,Apartment,LovelyBakeStudio,Noodles,Veg. Noodles,,100,
CSE Block ,Apartment,LovelyBakeStudio,Noodles,Veg. Hakka Noodles,,120,
CSE Block ,Apartment,LovelyBakeStudio,Noodles,Chilli Garlic Noodles,,130,
CSE Block ,Apartment,LovelyBakeStudio,Noodles,Singapore Noodles,,140,
CSE Block ,Apartment,LovelyBakeStudio,Noodles,Paneer Noodles,,150,
CSE Block ,Apartment,LovelyBakeStudio,Chinese,Chilli Thai Fries,,100,
CSE Block ,Apartment,LovelyBakeStudio,Chinese,Cheese Italian Fries,,110,
CSE Block ,Apartment,LovelyBakeStudio,Chinese,Veg. Fried Rice,,135,
CSE Block ,Apartment,LovelyBakeStudio,Chinese,Masala Fried Rice,,140,
CSE Block ,Apartment,LovelyBakeStudio,Chinese,Honey Chilli Potato,,140,
CSE Block ,Apartment,LovelyBakeStudio,Chinese,Chef Special Fried Rice,,150,
CSE Block ,Apartment,LovelyBakeStudio,Chinese,Veg. Manchurian,,150,
CSE Block ,Apartment,LovelyBakeStudio,Chinese,Mushroom Chilli,,150,
CSE Block ,Apartment,LovelyBakeStudio,Chinese,Mushroom Manchurian,,170,
CSE Block ,Apartment,LovelyBakeStudio,Chinese,Lemon Paneer,,180,
CSE Block ,Apartment,LovelyBakeStudio,Hot Coffee,Hot Coffee,,95,
CSE Block ,Apartment,LovelyBakeStudio,Hot Coffee,Espresso Shot (30 ml),,115,
CSE Block ,Apartment,LovelyBakeStudio,Hot Coffee,Black Coffee,,125,
CSE Block ,Apartment,LovelyBakeStudio,Hot Coffee,Cappuccino,,125,
CSE Block ,Apartment,LovelyBakeStudio,Hot Coffee,Lovely Latte,,125,
CSE Block ,Apartment,LovelyBakeStudio,Hot Coffee,Hot Chocolate,,145,
CSE Block ,Apartment,LovelyBakeStudio,Hot Coffee,French Kiss,,145,
CSE Block ,Apartment,LovelyBakeStudio,Hot Coffee,Hazelnut Cappuccino,,145,
CSE Block ,Apartment,LovelyBakeStudio,Hot Coffee,Caramel Cappuccino,,145,
CSE Block ,Apartment,LovelyBakeStudio,Hot Coffee,Caramel Mocha,,145,
CSE Block ,Apartment,LovelyBakeStudio,Hot Coffee,Irish Cappuccino,,145,
CSE Block ,Apartment,LovelyBakeStudio,Hot Coffee,Lovely Mocha,,145,
CSE Block ,Apartment,LovelyBakeStudio,Hot Coffee,Spice Latte,,145,
CSE Block ,Apartment,LovelyBakeStudio,Hot Coffee,Triple Sec Mocha,,145,
CSE Block ,Apartment,LovelyBakeStudio,Cold Coffee,Lovely Cold Coffee,,130,
CSE Block ,Apartment,LovelyBakeStudio,Cold Coffee,Lovely Frappe,,150,
CSE Block ,Apartment,LovelyBakeStudio,Cold Coffee,Choco Frappe,,165,
CSE Block ,Apartment,LovelyBakeStudio,Cold Coffee,Caramel Frappe,,165,
CSE Block ,Apartment,LovelyBakeStudio,Cold Coffee,Irish Frappe,,165,
CSE Block ,Apartment,LovelyBakeStudio,Cold Coffee,Hazelnut Frappe,,165,
CSE Block ,Apartment,LovelyBakeStudio,Cold Coffee,Tiramisu Frappe,,165,
CSE Block ,Apartment,LovelyBakeStudio,Signature Shakes,Kesar Elaichi Shake,,145,
CSE Block ,Apartment,LovelyBakeStudio,Signature Shakes,Brownie Blast Shake,,185,
CSE Block ,Apartment,LovelyBakeStudio,Signature Shakes,Truffle Shake,,185,
CSE Block ,Apartment,LovelyBakeStudio,Signature Shakes,Cafe Brownie Shake,,185,
CSE Block ,Apartment,LovelyBakeStudio,Signature Shakes,Kit Kat Shake,,185,
CSE Block ,Apartment,LovelyBakeStudio,Signature Shakes,Oreo Shake,,185,
CSE Block ,Apartment,LovelyBakeStudio,Shakes,Chocolate Shake,,105,
CSE Block ,Apartment,LovelyBakeStudio,Shakes,Strawberry Shake,,105,
CSE Block ,Apartment,LovelyBakeStudio,Shakes,Vanilla Shake,,105,
CSE Block ,Apartment,LovelyBakeStudio,Shakes,Pineapple Shake,,105,
CSE Block ,Apartment,LovelyBakeStudio,Shakes,Mango Shake,,105,
CSE Block ,Apartment,LovelyBakeStudio,Shakes,Banana Shake,,105,
CSE Block ,Apartment,LovelyBakeStudio,Shakes,Black Current Shake,,125,
CSE Block ,Apartment,LovelyBakeStudio,Mocktails,Monday Blue,,165,
CSE Block ,Apartment,LovelyBakeStudio,Mocktails,Pina Colada (Milk Based),,165,
CSE Block ,Apartment,LovelyBakeStudio,Ice Tea,Club Ice Tea,,95,
CSE Block ,Apartment,LovelyBakeStudio,Ice Tea,Peach Ice Tea,,95,
CSE Block ,Apartment,LovelyBakeStudio,Ice Tea,Passion Fruit Tea,,95,
CSE Block ,Apartment,LovelyBakeStudio,Tea,Masala Tea,,45,
CSE Block ,Apartment,LovelyBakeStudio,Desserts,Vanilla Fudge Sundae,,120,
CSE Block ,Apartment,LovelyBakeStudio,Desserts,Hot Brownie Sundae,,160,
CSE Block ,Apartment,LovelyBakeStudio,Desserts,Bourbon Sundae,,160,
CSE Block ,Apartment,LovelyBakeStudio,Desserts,Choco Truffle Sundae,,160,
CSE Block ,Apartment,LovelyBakeStudio,Add On Extra,Syrup Chocolate,,30,
CSE Block ,Apartment,LovelyBakeStudio,Add On Extra,Ice Cream Scoop Vanilla,,40,
CSE Block ,Apartment,LovelyBakeStudio,Add On Extra,Ice Cream Scoop Chocolate,,40,
CSE Block ,Apartment,LovelyBakeStudio,Coolers,Fresh Lime Soda,,105,
CSE Block ,Apartment,LovelyBakeStudio,Coolers,Masala Lemonade,,125,
CSE Block ,Apartment,LovelyBakeStudio,Coolers,Peach Lemonade,,125,
CSE Block ,Apartment,LovelyBakeStudio,Coolers,Pink Lemonade,,125,
CSE Block ,Apartment,LovelyBakeStudio,Coolers,Masala Coke,,125,
CSE Block ,Apartment,LovelyBakeStudio,Coolers,Ginger Ale,,125,
CSE Block ,Apartment,LovelyBakeStudio,Coolers,Green Apple Soda,,125,
CSE Block ,Apartment,LovelyBakeStudio,Coolers,Ocean Blue (Ice Based),,125,
CSE Block ,Apartment,LovelyBakeStudio,Mojitos,Classic Virgin Mojito,,135,
CSE Block ,Apartment,LovelyBakeStudio,Mojitos,Luscious Mango,,135,
CSE Block ,Apartment,LovelyBakeStudio,Mojitos,Water Melon,,135,
CSE Block ,Apartment,LovelyBakeStudio,Mojitos,Passion Fruit,,135,
CSE Block ,Apartment,LovelyBakeStudio,Mojitos,Green Apple,,135,
CSE Block ,Apartment,LovelyBakeStudio,Mojitos,Peach Mojito,,135,
CSE Block ,Apartment,LovelyBakeStudio,Mojitos,Blue Moon Mojito,,135,
CSE Block ,Apartment,LovelyBakeStudio,Softy,Mango / Strawberry / Paan / Chocolate / Vanilla,,35,
CSE Block ,Apartment,South City Cafe,DOSA,Plain Dosa,,60,
CSE Block ,Apartment,South City Cafe,DOSA,Paper Dosa,,60,
CSE Block ,Apartment,South City Cafe,DOSA,Masala Dosa,,70,
CSE Block ,Apartment,South City Cafe,DOSA,Butter Dosa,,70,
CSE Block ,Apartment,South City Cafe,DOSA,Onion Dosa,,70,
CSE Block ,Apartment,South City Cafe,DOSA,Ghee Podi Plain Dosa,,80,
CSE Block ,Apartment,South City Cafe,DOSA,Ghee Plain Dosa,,80,
CSE Block ,Apartment,South City Cafe,DOSA,Ghee Masala Dosa,,90,
CSE Block ,Apartment,South City Cafe,DOSA,Ghee Podi Masala Dosa,,90,
CSE Block ,Apartment,South City Cafe,DOSA,Benne Dosa,,90,
CSE Block ,Apartment,South City Cafe,DOSA,Butter Masala Dosa,,90,
CSE Block ,Apartment,South City Cafe,DOSA,Paneer Dosa,,100,
CSE Block ,Apartment,South City Cafe,DOSA,Ghee Podi Paneer Dosa,,120,
CSE Block ,Apartment,South City Cafe,DOSA,Schezwan Cheese Paneer Dosa,,120,
CSE Block ,Apartment,South City Cafe,DOSA,Jini Dosa,,120,
CSE Block ,Apartment,South City Cafe,DOSA,Kadhai Paneer Dosa,,120,
CSE Block ,Apartment,South City Cafe,DOSA,Mysore Masala Dosa,,120,
CSE Block ,Apartment,South City Cafe,DOSA,Cheese Chilli Paneer Dosa,,140,
CSE Block ,Apartment,South City Cafe,DOSA,South City Spl. Dosa,,200,
CSE Block ,Apartment,South City Cafe,IDLI,Plane Idli (4Pcs.),,50,
CSE Block ,Apartment,South City Cafe,IDLI,Ghee Podi Idli (3Pcs.),,60,
CSE Block ,Apartment,South City Cafe,IDLI,Thatte Idli (1Pcs.),,50,
CSE Block ,Apartment,South City Cafe,IDLI,Fried Idli (3Pcs.),,70,
CSE Block ,Apartment,South City Cafe,SNACKS,Veg. Omelette,,50,
CSE Block ,Apartment,South City Cafe,SNACKS,Poha,,50,
CSE Block ,Apartment,South City Cafe,SNACKS,Medhu Vada (4 Pcs.),,60,
CSE Block ,Apartment,South City Cafe,SNACKS,Dahi Vada (2 Pcs.),,70,
CSE Block ,Apartment,South City Cafe,COMBOS,Idli & Vada,,60,
CSE Block ,Apartment,South City Cafe,COMBOS,Breakfast Combo (2 Pc Idli + 1 Vada + Poha + Tea),,90,
CSE Block ,Apartment,South City Cafe,LASSI,Sweet Lassi,,50,
CSE Block ,Apartment,South City Cafe,LASSI,Salted Lassi,,50,
CSE Block ,Apartment,South City Cafe,UTTAPAM,Onion Uttapam,,70,
CSE Block ,Apartment,South City Cafe,UTTAPAM,Ghee Podi Onion Uttpam,,90,
CSE Block ,Apartment,South City Cafe,UTTAPAM,Veg. Uttapam,,80,
CSE Block ,Apartment,South City Cafe,UTTAPAM,Paneer Uttapam,,100,
CSE Block ,Apartment,South City Cafe,UTTAPAM,Cheese Uttapam,,120,
CSE Block ,Apartment,Nescafe,SANDWICH,Veg Cheese Sandwich,,90,
CSE Block ,Apartment,Nescafe,SANDWICH,Paneer Makhni Sandwich,,110,
CSE Block ,Apartment,Nescafe,SANDWICH,Chipotle Paneer Sandwich (With Fries),,130,
CSE Block ,Apartment,Nescafe,SANDWICH,Paneer Mint Sandwich (2 Piece),,50,
CSE Block ,Apartment,Nescafe,FRIES,Salted Fries,,90,
CSE Block ,Apartment,Nescafe,FRIES,Masala/ Peri Peri Fries,,90,
CSE Block ,Apartment,Nescafe,FRIES,Mint Fries,,90,
CSE Block ,Apartment,Nescafe,FRIES,Cheesy Fries,,100,
CSE Block ,Apartment,Nescafe,FRIES,Loaded Fries,,130,
CSE Block ,Apartment,Nescafe,FRIES,Ultimate Fries Bucket,,150,
CSE Block ,Apartment,Nescafe,MOJITO,Virgin Mojito,,70,
CSE Block ,Apartment,Nescafe,MOJITO,Green Apple Mojito,,70,
CSE Block ,Apartment,Nescafe,MOJITO,Watermelon Mojito,,70,
CSE Block ,Apartment,Nescafe,MOJITO,Passion Fruit,,70,
CSE Block ,Apartment,Nescafe,MOJITO,Peach Mojito,,70,
CSE Block ,Apartment,Nescafe,PASTA,White Sauce Pasta,,100,
CSE Block ,Apartment,Nescafe,PASTA,Red Sauce Pasta,,100,
CSE Block ,Apartment,Nescafe,PASTA,Mix Sauce Pasta,,110,
CSE Block ,Apartment,Nescafe,WRAP,Aloo Tikki Wrap,,70,
CSE Block ,Apartment,Nescafe,WRAP,Paneer Wrap,,85,
CSE Block ,Apartment,Nescafe,KRUSHER,Chocolate Krusher,,80,
CSE Block ,Apartment,Nescafe,KRUSHER,Strawberry Krusher,,90,
CSE Block ,Apartment,Nescafe,KRUSHER,Banana Caramel,,90,
CSE Block ,Apartment,Nescafe,KRUSHER,Mango Alphanso Krusher,,90,
CSE Block ,Apartment,Nescafe,KRUSHER,Blueberry Krusher,,90,
CSE Block ,Apartment,Nescafe,KRUSHER,Salted Caramel,,90,
CSE Block ,Apartment,Nescafe,KRUSHER,Belgian Chocolate Krusher,,100,
CSE Block ,Apartment,Nescafe,KRUSHER,Kit-kat Krusher,,100,
CSE Block ,Apartment,Nescafe,KRUSHER,Brownie Krusher,,110,
CSE Block ,Apartment,Nescafe,COLD COFFEE,Iced Americano,,70,
CSE Block ,Apartment,Nescafe,COLD COFFEE,Affogato,,80,
CSE Block ,Apartment,Nescafe,COLD COFFEE,Iced Latte,,90,
CSE Block ,Apartment,Nescafe,COLD COFFEE,Iced Cappuccino,,90,
CSE Block ,Apartment,Nescafe,COLD COFFEE,Classic Cold Coffee with ice cream,,90,
CSE Block ,Apartment,Nescafe,COLD COFFEE,Signature Cold Coffee with ice cream (freshly brewed),,100,
CSE Block ,Apartment,Nescafe,COLD COFFEE,Iced Mocha,,100,
CSE Block ,Apartment,Nescafe,COLD COFFEE,Strong Cold Coffee,,110,
CSE Block ,Apartment,Nescafe,BURGER,Veg Cheese Burger,,60,
CSE Block ,Apartment,Nescafe,BURGER,Shezwan Cheese Burger,,70,
CSE Block ,Apartment,Nescafe,BURGER,Maharaja Burger,,100,
CSE Block ,Apartment,Nescafe,BURGER,Mac-Paneer Burger,,100,
CSE Block ,Apartment,Nescafe,SUB,Paneer Tikka Sub,,90,
CSE Block ,Apartment,Nescafe,SUB,Aloo Tikki Sub,,90,
CSE Block ,Apartment,Nescafe,SUB,Mix Sub,,110,
CSE Block ,Apartment,Basant Icecream,,Strawberry Shake,,69,
CSE Block ,Apartment,Basant Icecream,,Vanilla Shake,,69,
CSE Block ,Apartment,Basant Icecream,,Butterscotch Shake,,69,
CSE Block ,Apartment,Basant Icecream,,Cold Coffee,,79,
CSE Block ,Apartment,Basant Icecream,,Chocolate Oreo Shake,,89,
CSE Block ,Apartment,Basant Icecream,,Tutti Frutti Shake,,89,
CSE Block ,Apartment,Basant Icecream,,Melting Rose Shake,,99,
CSE Block ,Apartment,Basant Icecream,,Ferrero Rocher Shake,,110,
CSE Block ,Apartment,Basant Icecream,,Chocolate Brownie Shake,,99,
CSE Block ,Apartment,Basant Icecream,,Alphonso Mango Shake,,79,
CSE Block ,Apartment,Basant Icecream,,Red Velvet Shake,,99,
CSE Block ,Apartment,Basant Icecream,,Lotus Biscoff Shake,,99,
CSE Block ,Apartment,Basant Icecream,,KitKat Shake,,99,
CSE Block ,Apartment,Basant Icecream,,Classic Nutella Shake,,110,
CSE Block ,Apartment,Basant Icecream,,Vanilla (Single Scoop),,40,
CSE Block ,Apartment,Basant Icecream,,Vanilla (Double Scoop),,70,
CSE Block ,Apartment,Basant Icecream,,Strawberry (Single Scoop),,40,
CSE Block ,Apartment,Basant Icecream,,Strawberry (Double Scoop),,70,
CSE Block ,Apartment,Basant Icecream,,Mango (Single Scoop),,40,
CSE Block ,Apartment,Basant Icecream,,Mango (Double Scoop),,70,
CSE Block ,Apartment,Basant Icecream,,Blue Berry (Single Scoop),,50,
CSE Block ,Apartment,Basant Icecream,,Blue Berry (Double Scoop),,90,
CSE Block ,Apartment,Basant Icecream,,Black Currant (Single Scoop),,50,
CSE Block ,Apartment,Basant Icecream,,Black Currant (Double Scoop),,90,
CSE Block ,Apartment,Basant Icecream,,Butterscotch (Single Scoop),,50,
CSE Block ,Apartment,Basant Icecream,,Butterscotch (Double Scoop),,90,
CSE Block ,Apartment,Basant Icecream,,Chocolate (Single Scoop),,50,
CSE Block ,Apartment,Basant Icecream,,Chocolate (Double Scoop),,90,
CSE Block ,Apartment,Basant Icecream,,Bubble Gum (Single Scoop),,50,
CSE Block ,Apartment,Basant Icecream,,Bubble Gum (Double Scoop),,90,
CSE Block ,Apartment,Basant Icecream,,Pan Ice Cream (Single Scoop),,50,
CSE Block ,Apartment,Basant Icecream,,Pan Ice Cream (Double Scoop),,90,
CSE Block ,Apartment,Basant Icecream,,Tutti Frutti (Single Scoop),,50,
CSE Block ,Apartment,Basant Icecream,,Tutti Frutti (Double Scoop),,90,
CSE Block ,Apartment,Basant Icecream,,Midnight Dark Chocolate (Single Scoop),,60,
CSE Block ,Apartment,Basant Icecream,,Midnight Dark Chocolate (Double Scoop),,110,
CSE Block ,Apartment,Basant Icecream,,Brownie Chocolate (Single Scoop),,60,
CSE Block ,Apartment,Basant Icecream,,Brownie Chocolate (Double Scoop),,110,
CSE Block ,Apartment,Basant Icecream,,Basant Special Fruit Ice Cream (Single Scoop),,70,
CSE Block ,Apartment,Basant Icecream,,Basant Special Fruit Ice Cream (Double Scoop),,120,
CSE Block ,Apartment,Basant Icecream,,Kashmiri Gulkand (Single Scoop),,60,
CSE Block ,Apartment,Basant Icecream,,Kashmiri Gulkand (Double Scoop),,110,
CSE Block ,Apartment,Basant Icecream,,Ras Malai (Single Scoop),,60,
CSE Block ,Apartment,Basant Icecream,,Ras Malai (Double Scoop),,110,
CSE Block ,Apartment,Basant Icecream,,Pop Corn Ice Cream (Single Scoop),,60,
CSE Block ,Apartment,Basant Icecream,,Pop Corn Ice Cream (Double Scoop),,110,
CSE Block ,Apartment,Basant Icecream,,Kaju Kishmish (Single Scoop),,70,
CSE Block ,Apartment,Basant Icecream,,Kaju Kishmish (Double Scoop),,120,
CSE Block ,Apartment,Basant Icecream,,Roasted Almond (Single Scoop),,60,
CSE Block ,Apartment,Basant Icecream,,Roasted Almond (Double Scoop),,110,
CSE Block ,Apartment,Basant Icecream,,American Nut (Single Scoop),,60,
CSE Block ,Apartment,Basant Icecream,,American Nut (Double Scoop),,110,
CSE Block ,Apartment,Basant Icecream,,Ferrero Rocher (Single Scoop),,80,
CSE Block ,Apartment,Basant Icecream,,Ferrero Rocher (Double Scoop),,150,
CSE Block ,Apartment,Basant Icecream,,Coffee 'n' Nut (Single Scoop),,80,
CSE Block ,Apartment,Basant Icecream,,Coffee 'n' Nut (Double Scoop),,150,
CSE Block ,Apartment,Basant Icecream,,Mint Mojito,,60,
CSE Block ,Apartment,Basant Icecream,,Virgin Mojito,,60,
CSE Block ,Apartment,Basant Icecream,,Green Apple,,60,
CSE Block ,Apartment,Basant Icecream,,Blue Curacao,,60,
CSE Block ,Apartment,Basant Icecream,,Masala Lemonade,,60,
CSE Block ,Apartment,Basant Icecream,,Watermelon Mojito,,60,
CSE Block ,Apartment,Basant Icecream,,Lemon Iced Tea,,80,
CSE Block ,Apartment,Basant Icecream,,Chocolate Brownie Nitrogen Sundae,,110,
CSE Block ,Apartment,Basant Icecream,,Cookie Cream Nitrogen Sundae,,90,
CSE Block ,Apartment,Basant Icecream,,Black Currant Nitrogen Sundae,,90,
CSE Block ,Apartment,Basant Icecream,,5 Star Crunchy Nitrogen Sundae,,90,
CSE Block ,Apartment,Basant Icecream,,Red Velvet Cheese Nitrogen Sundae,,110,
CSE Block ,Apartment,Basant Icecream,,Fresh Strawberry Nitrogen Sundae,,90,
CSE Block ,Apartment,Basant Icecream,,Onion Pizza (8-inch),,80,
CSE Block ,Apartment,Basant Icecream,,Onion Pizza (10-inch),,150,
CSE Block ,Apartment,Basant Icecream,,Capsicum Pizza (8-inch),,80,
CSE Block ,Apartment,Basant Icecream,,Capsicum Pizza (10-inch),,150,
CSE Block ,Apartment,Basant Icecream,,Sweet Corn Pizza (8-inch),,80,
CSE Block ,Apartment,Basant Icecream,,Sweet Corn Pizza (10-inch),,150,
CSE Block ,Apartment,Basant Icecream,,Tomato Pizza (8-inch),,80,
CSE Block ,Apartment,Basant Icecream,,Tomato Pizza (10-inch),,150,
CSE Block ,Apartment,Basant Icecream,,Onion & Paneer Pizza (8-inch),,100,
CSE Block ,Apartment,Basant Icecream,,Onion & Paneer Pizza (10-inch),,180,
CSE Block ,Apartment,Basant Icecream,,Sweet Corn Double Topping Pizza (8-inch),,100,
CSE Block ,Apartment,Basant Icecream,,Sweet Corn Double Topping Pizza (10-inch),,180,
CSE Block ,Apartment,Basant Icecream,,Onion & Capsicum Pizza (8-inch),,100,
CSE Block ,Apartment,Basant Icecream,,Onion & Capsicum Pizza (10-inch),,180,
CSE Block ,Apartment,Basant Icecream,,Mushroom Pizza (8-inch),,100,
CSE Block ,Apartment,Basant Icecream,,Mushroom Pizza (10-inch),,180,
CSE Block ,Apartment,Basant Icecream,,Fresh Veg Pizza (8-inch),,140,
CSE Block ,Apartment,Basant Icecream,,Fresh Veg Pizza (10-inch),,250,
CSE Block ,Apartment,Basant Icecream,,Cheese & Corn Pizza (8-inch),,140,
CSE Block ,Apartment,Basant Icecream,,Cheese & Corn Pizza (10-inch),,250,
CSE Block ,Apartment,Basant Icecream,,Cheese & Tomato Pizza (8-inch),,140,
CSE Block ,Apartment,Basant Icecream,,Cheese & Tomato Pizza (10-inch),,250,
CSE Block ,Apartment,Basant Icecream,,Double Cheese Margherita (8-inch),,140,
CSE Block ,Apartment,Basant Icecream,,Double Cheese Margherita (10-inch),,250,
CSE Block ,Apartment,Basant Icecream,,Farm House Pizza (8-inch),,160,
CSE Block ,Apartment,Basant Icecream,,Farm House Pizza (10-inch),,280,
CSE Block ,Apartment,Basant Icecream,,Pappy Paneer Pizza (8-inch),,160,
CSE Block ,Apartment,Basant Icecream,,Pappy Paneer Pizza (10-inch),,280,
CSE Block ,Apartment,Basant Icecream,,Paneer Makhani Pizza (8-inch),,160,
CSE Block ,Apartment,Basant Icecream,,Paneer Makhani Pizza (10-inch),,280,
CSE Block ,Apartment,Basant Icecream,,Supreme Veg Pizza (8-inch),,160,
CSE Block ,Apartment,Basant Icecream,,Supreme Veg Pizza (10-inch),,280,
CSE Block ,Apartment,Basant Icecream,,Corn Capsicum Tomato Pizza (8-inch),,160,
CSE Block ,Apartment,Basant Icecream,,Corn Capsicum Tomato Pizza (10-inch),,280,
CSE Block ,Apartment,Basant Icecream,,Deluxe Veg Pizza (8-inch),,160,
CSE Block ,Apartment,Basant Icecream,,Deluxe Veg Pizza (10-inch),,280,
CSE Block ,Apartment,Basant Icecream,,Paradise Pizza (8-inch),,160,
CSE Block ,Apartment,Basant Icecream,,Paradise Pizza (10-inch),,280,
CSE Block ,Apartment,Basant Icecream,,Original Masala Maggie,,50,
CSE Block ,Apartment,Basant Icecream,,Green Chilli Maggie,,50,
CSE Block ,Apartment,Basant Icecream,,Special Masala Maggie,,60,
CSE Block ,Apartment,Basant Icecream,,Veg Maggie,,60,
CSE Block ,Apartment,Basant Icecream,,Peri Peri Maggie,,60,
CSE Block ,Apartment,Basant Icecream,,Butter Garlic Maggie,,70,
CSE Block ,Apartment,Basant Icecream,,Cheese Oregano Maggie,,70,
CSE Block ,Apartment,Basant Icecream,,Italian Tomato Maggie,,70,
CSE Block ,Apartment,Basant Icecream,,Biryani Maggie,,80,
CSE Block ,Apartment,Basant Icecream,,Manchurian Maggie,,80,
CSE Block ,Apartment,Basant Icecream,,Cheese Pasta Maggie,,80,
CSE Block ,Apartment,Basant Icecream,,Makhni Gravy Maggie,,80,
CSE Block ,Apartment,Basant Icecream,,White Sauce Pasta,,80,
CSE Block ,Apartment,Basant Icecream,,Red Sauce Pasta,,80,
CSE Block ,Apartment,Basant Icecream,,Mix Sauce Pasta,,90,
CSE Block ,Apartment,Basant Icecream,,Hot & Spicy Pasta,,100,
CSE Block ,Apartment,Basant Icecream,,Baked Pasta,,120,
CSE Block ,Apartment,Basant Icecream,,Exotic Pane Pasta,,120,
CSE Block ,Apartment,Basant Icecream,,Grilled Sandwich,,80,
CSE Block ,Apartment,Basant Icecream,,Spicy Grilled Sandwich,,100,
CSE Block ,Apartment,Basant Icecream,,Cheese Grilled Sandwich,,110,
CSE Block ,Apartment,Basant Icecream,,Paneer Sandwich,,110,
CSE Block ,Apartment,Basant Icecream,,Mix Veg Roll,,60,
CSE Block ,Apartment,Basant Icecream,,Aloo Patty Roll,,80,
CSE Block ,Apartment,Basant Icecream,,Paneer Roll,,80,
CSE Block ,Apartment,Basant Icecream,,Veg Roll,,70,
CSE Block ,Apartment,Basant Icecream,,Cheese Corn Roll,,90,
CSE Block ,Apartment,Basant Icecream,,Chinese Tomato Roll,,90,
CSE Block ,Apartment,Basant Icecream,,Classic Cheese Roll,,130,
CSE Block ,Apartment,Basant Icecream,,Hara Bhara Roll,,130,
CSE Block ,Apartment,Basant Icecream,,Garlic Bread,,80,
CSE Block ,Apartment,Basant Icecream,,Stuffed Garlic Bread,,120,
CSE Block ,Apartment,Basant Icecream,,Zingy Parcel,,60,
CSE Block ,Apartment,Basant Icecream,,Special Milk Badam,,99,
CSE Block ,Apartment,DimSum Box,Wheat Dumplings (6 pcs),Veggie,Half,59,
CSE Block ,Apartment,DimSum Box,Wheat Dumplings (6 pcs),Veggie,Full,89,
CSE Block ,Apartment,DimSum Box,Wheat Dumplings (6 pcs),Veggie,Combo,89,
CSE Block ,Apartment,DimSum Box,Wheat Dumplings (6 pcs),Spinach,Half,69,
CSE Block ,Apartment,DimSum Box,Wheat Dumplings (6 pcs),Spinach,Full,99,
CSE Block ,Apartment,DimSum Box,Wheat Dumplings (6 pcs),Spinach,Combo,99,
CSE Block ,Apartment,DimSum Box,Wheat Dumplings (6 pcs),Mushroom,Half,69,
CSE Block ,Apartment,DimSum Box,Wheat Dumplings (6 pcs),Mushroom,Full,99,
CSE Block ,Apartment,DimSum Box,Wheat Dumplings (6 pcs),Mushroom,Combo,99,
CSE Block ,Apartment,DimSum Box,Wheat Dumplings (6 pcs),Broccoli,Half,69,
CSE Block ,Apartment,DimSum Box,Wheat Dumplings (6 pcs),Broccoli,Full,99,
CSE Block ,Apartment,DimSum Box,Wheat Dumplings (6 pcs),Broccoli,Combo,99,
CSE Block ,Apartment,DimSum Box,Wheat Dumplings (6 pcs),Paneer,Half,79,
CSE Block ,Apartment,DimSum Box,Wheat Dumplings (6 pcs),Paneer,Full,109,
CSE Block ,Apartment,DimSum Box,Wheat Dumplings (6 pcs),Paneer,Combo,109,
CSE Block ,Apartment,DimSum Box,Wheat Dumplings (6 pcs),Spinach & Corn,Half,79,
CSE Block ,Apartment,DimSum Box,Wheat Dumplings (6 pcs),Spinach & Corn,Full,109,
CSE Block ,Apartment,DimSum Box,Wheat Dumplings (6 pcs),Spinach & Corn,Combo,109,
CSE Block ,Apartment,DimSum Box,Wheat Dumplings (6 pcs),Soya Chaap,Half,79,
CSE Block ,Apartment,DimSum Box,Wheat Dumplings (6 pcs),Soya Chaap,Full,109,
CSE Block ,Apartment,DimSum Box,Wheat Dumplings (6 pcs),Soya Chaap,Combo,109,
CSE Block ,Apartment,DimSum Box,Wheat Dumplings (6 pcs),Veg Dapling,Half,79,
CSE Block ,Apartment,DimSum Box,Wheat Dumplings (6 pcs),Veg Dapling,Full,109,
CSE Block ,Apartment,DimSum Box,Wheat Dumplings (6 pcs),Veg Dapling,Combo,109,
CSE Block ,Apartment,DimSum Box,Wheat Dumplings (6 pcs),Tandoori Paneer,Half,79,
CSE Block ,Apartment,DimSum Box,Wheat Dumplings (6 pcs),Tandoori Paneer,Full,109,
CSE Block ,Apartment,DimSum Box,Wheat Dumplings (6 pcs),Tandoori Paneer,Combo,109,
CSE Block ,Apartment,DimSum Box,Wheat Dumplings (6 pcs),Cheese Corn,Half,89,
CSE Block ,Apartment,DimSum Box,Wheat Dumplings (6 pcs),Cheese Corn,Full,119,
CSE Block ,Apartment,DimSum Box,Wheat Dumplings (6 pcs),Cheese Corn,Combo,119,
CSE Block ,Apartment,DimSum Box,Wheat Dumplings (6 pcs),Cheese Mushroom,Half,89,
CSE Block ,Apartment,DimSum Box,Wheat Dumplings (6 pcs),Cheese Mushroom,Full,119,
CSE Block ,Apartment,DimSum Box,Wheat Dumplings (6 pcs),Cheese Mushroom,Combo,119,
CSE Block ,Apartment,DimSum Box,Wheat Dumplings (6 pcs),Cheese Paneer,Half,89,
CSE Block ,Apartment,DimSum Box,Wheat Dumplings (6 pcs),Cheese Paneer,Full,119,
CSE Block ,Apartment,DimSum Box,Wheat Dumplings (6 pcs),Cheese Paneer,Combo,119,
CSE Block ,Apartment,DimSum Box,Wheat Dumplings (6 pcs),Exotic Veg Sampler,Half,89,
CSE Block ,Apartment,DimSum Box,Wheat Dumplings (6 pcs),Exotic Veg Sampler,Full,119,
CSE Block ,Apartment,DimSum Box,Wheat Dumplings (6 pcs),Exotic Veg Sampler,Combo,119,
CSE Block ,Apartment,DimSum Box,Fries,Classic Salted Fries,,69,
CSE Block ,Apartment,DimSum Box,Fries,Masala Fries Peri Peri,,79,
CSE Block ,Apartment,DimSum Box,Fries,Peri Peri Fries,,89,
CSE Block ,Apartment,DimSum Box,Fries,Cheese Fries,,99,
CSE Block ,Apartment,DimSum Box,Whole Wheat Wraps,Aloo Tikki Wrap,,89,
CSE Block ,Apartment,DimSum Box,Whole Wheat Wraps,Veg Garden Wrap,,99,
CSE Block ,Apartment,DimSum Box,Whole Wheat Wraps,Bombay Street Wrap,,99,
CSE Block ,Apartment,DimSum Box,Whole Wheat Wraps,Mexican Mix Veg Wrap,,109,
CSE Block ,Apartment,DimSum Box,Whole Wheat Wraps,Paneer Tikka Wrap,,119,
CSE Block ,Apartment,DimSum Box,Snacks,Dragon Roll,,99,
CSE Block ,Apartment,DimSum Box,Snacks,Hara Bhara Kebab,,129,
CSE Block ,Apartment,DimSum Box,Snacks,Pizza Pocket,,129,
CSE Block ,Apartment,DimSum Box,Snacks,Veg Nugget,,139,
CSE Block ,Apartment,DimSum Box,Shakes,DB Classic Cold Coffee,,79,
CSE Block ,Apartment,DimSum Box,Shakes,Belgian Chocolate Shake,,79,
CSE Block ,Apartment,DimSum Box,Shakes,Strawberry Dream,,79,
CSE Block ,Apartment,DimSum Box,Shakes,Sun-Kissed Mango,,79,
Boys Hostel ,BH1,Tripti,DOSA & IDLI,Plain Dosa,,50,
Boys Hostel ,BH1,Tripti,DOSA & IDLI,Podi Dosa,,60,
Boys Hostel ,BH1,Tripti,DOSA & IDLI,Masala Dosa,,60,
Boys Hostel ,BH1,Tripti,DOSA & IDLI,Ghee Dosa,,70,
Boys Hostel ,BH1,Tripti,DOSA & IDLI,Thattu Dosa,,60,
Boys Hostel ,BH1,Tripti,DOSA & IDLI,Uthappam,,70,
Boys Hostel ,BH1,Tripti,DOSA & IDLI,Onion Dosa,,60,
Boys Hostel ,BH1,Tripti,DOSA & IDLI,Tripti Special Dosa,,80,
Boys Hostel ,BH1,Tripti,DOSA & IDLI,Onion Masala Dosa,,65,
Boys Hostel ,BH1,Tripti,DOSA & IDLI,Paneer Dosa,,100,
Boys Hostel ,BH1,Tripti,DOSA & IDLI,Butter Dosa,,70,
Boys Hostel ,BH1,Tripti,DOSA & IDLI,Idli (3 pcs),,40,
Boys Hostel ,BH1,Tripti,DOSA & IDLI,Ghee Podi Dosa,,70,
Boys Hostel ,BH1,Tripti,DOSA & IDLI,Ramassery Idli - 2 pcs,,50,
Boys Hostel ,BH1,Tripti,SOUTH BREAKFAST,Idiyappam + Kadala/Veg Curry,,70,
Boys Hostel ,BH1,Tripti,SOUTH BREAKFAST,Puttu (Steam Cake) + Kadala Curry,,70,
Boys Hostel ,BH1,Tripti,SOUTH BREAKFAST,Porotta + Kadala/Veg Curry,,70,
Boys Hostel ,BH1,Tripti,SOUTH BREAKFAST,Rava/Vermicelli Uppuma,,60,
Boys Hostel ,BH1,Tripti,BIRIYANI RICE & THALI,Biriyani,,70,
Boys Hostel ,BH1,Tripti,BIRIYANI RICE & THALI,Thali (Rice 'Kerala or North'+Sambar/Dal+Poriyal),,70,
Boys Hostel ,BH1,Tripti,BIRIYANI RICE & THALI,Tomato Rice,,70,
Boys Hostel ,BH1,Tripti,BIRIYANI RICE & THALI,Lemon Rice,,70,
Boys Hostel ,BH1,Tripti,BIRIYANI RICE & THALI,Curd Rice,,70,
Boys Hostel ,BH1,Tripti,BIRIYANI RICE & THALI,Gobhi Rice,,70,
Boys Hostel ,BH1,Tripti,BIRIYANI RICE & THALI,Fried Rice,,70,
Boys Hostel ,BH1,Tripti,BIRIYANI RICE & THALI,Jeera Rice,,70,
Boys Hostel ,BH1,Tripti,SOUTH SNACKS,Onion Vada,,10,
Boys Hostel ,BH1,Tripti,SOUTH SNACKS,Dal Vada (Nippattu),,10,
Boys Hostel ,BH1,Tripti,SOUTH SNACKS,Medu Vada (Uzhunnu Vada),,10,
Boys Hostel ,BH1,Tripti,SOUTH SNACKS,Bread pokko Vada,,15,
Boys Hostel ,BH1,Tripti,SOUTH SNACKS,Sugheen Vada,,15,
Boys Hostel ,BH1,Tripti,SOUTH SNACKS,Samosa,,15,
Boys Hostel ,BH1,Tripti,SOUTH SNACKS,Pazham Pori,,20,
Boys Hostel ,BH1,Tripti,SOUTH SNACKS,Punugulu (5 pcs),,10,
Boys Hostel ,BH1,Tripti,SOUTH SNACKS,Snacks Combo + (Chutney),,50,
Boys Hostel ,BH1,Tripti,SOUTH TEA & PACKED SNACKS,South Tea,,15,
Boys Hostel ,BH1,Pakka Adda,Noodles,Veg Noodles,,60,
Boys Hostel ,BH1,Pakka Adda,Noodles,Paneer Noodles,,70,
Boys Hostel ,BH1,Pakka Adda,Noodles,Mushroom Noodles,,80,
Boys Hostel ,BH1,Pakka Adda,Noodles,Manchurian Noodles,,70,
Boys Hostel ,BH1,Pakka Adda,Noodles,Chilli Garlic Noodles,,80,
Boys Hostel ,BH1,Pakka Adda,Noodles,Hakka Noodles,,70,
Boys Hostel ,BH1,Pakka Adda,Burger,Veggie Burger,,60,
Boys Hostel ,BH1,Pakka Adda,Burger,Paneer Burger,,70,
Boys Hostel ,BH1,Pakka Adda,Burger,Crispy Aloo Tikki Burger,,50,
Boys Hostel ,BH1,Pakka Adda,Burger,Mushroom Burger,,80,
Boys Hostel ,BH1,Pakka Adda,Burger,Pakka Double Decker Burger,,100,
Boys Hostel ,BH1,Pakka Adda,Sandwich,Veg Club Sandwich,,70,
Boys Hostel ,BH1,Pakka Adda,Sandwich,Paneer Tikka Sandwich,,80,
Boys Hostel ,BH1,Pakka Adda,Sandwich,Corn & Cheese Sandwich,,60,
Boys Hostel ,BH1,Pakka Adda,Sandwich,Bombay Sandwich,,70,
Boys Hostel ,BH1,Pakka Adda,Sandwich,Mushroom Sandwich,,80,
Boys Hostel ,BH1,Pakka Adda,Pizza,Veg Pizza,,100,
Boys Hostel ,BH1,Pakka Adda,Pizza,Paneer Pizza,,120,
Boys Hostel ,BH1,Pakka Adda,Pizza,Mushroom Pizza,,120,
Boys Hostel ,BH1,Pakka Adda,Pizza,Margarita Pizza,,110,
Boys Hostel ,BH1,Pakka Adda,Pizza,Fully Loaded Veg Pizza,,150,
Boys Hostel ,BH1,Pakka Adda,Pizza,Pineapple Pizza,,150,
Boys Hostel ,BH1,Pakka Adda,Roll,Veg Kathi Roll,,50,
Boys Hostel ,BH1,Pakka Adda,Roll,Paneer Kathi Roll,,70,
Boys Hostel ,BH1,Pakka Adda,Roll,Mushroom Roll,,70,
Boys Hostel ,BH1,Pakka Adda,Roll,Chilli Paneer Roll,,80,
Boys Hostel ,BH1,Pakka Adda,Roll,Manchurian Roll,,70,
Boys Hostel ,BH1,Pakka Adda,Toppings,Extra Cheese,,20,
Boys Hostel ,BH1,Pakka Adda,Toppings,Extra Veggies,,20,
Boys Hostel ,BH1,Pakka Adda,Toppings,Paneer Topping,,30,
Boys Hostel ,BH1,Pakka Adda,Toppings,Mushroom Topping,,30,
Boys Hostel ,BH1,Hungry Panda,Oatmeal/Pancake,Simple oatmeal,,80,
Boys Hostel ,BH1,Hungry Panda,Oatmeal/Pancake,Oatmeal with fruits,,90,
Boys Hostel ,BH1,Hungry Panda,Oatmeal/Pancake,Oatmeal with dried fruit,,100,
Boys Hostel ,BH1,Hungry Panda,Oatmeal/Pancake,Protein oatmeal,,150,
Boys Hostel ,BH1,Hungry Panda,Oatmeal/Pancake,Simple pancake,,100,
Boys Hostel ,BH1,Hungry Panda,Oatmeal/Pancake,Tomato topping,,110,
Boys Hostel ,BH1,Hungry Panda,Oatmeal/Pancake,Corn topping,,120,
Boys Hostel ,BH1,Hungry Panda,Oatmeal/Pancake,Cheese pancake,,150,
Boys Hostel ,BH1,Hungry Panda,Add-on,Honey,,20,
Boys Hostel ,BH1,Hungry Panda,Add-on,Maple,,40,
Boys Hostel ,BH1,Hungry Panda,Add-on,Chocolate,,20,
Boys Hostel ,BH1,Hungry Panda,Footlong Sandwich,Veggie footlong,Small,70,
Boys Hostel ,BH1,Hungry Panda,Footlong Sandwich,Veggie footlong,Large,100,
Boys Hostel ,BH1,Hungry Panda,Footlong Sandwich,Veggie loaded paneer,Small,90,
Boys Hostel ,BH1,Hungry Panda,Footlong Sandwich,Veggie loaded paneer,Large,120,
Boys Hostel ,BH1,Hungry Panda,Footlong Sandwich,Loaded Spicy Mexican,Small,130,
Boys Hostel ,BH1,Hungry Panda,Footlong Sandwich,Loaded Spicy Mexican,Large,150,
Boys Hostel ,BH1,Hungry Panda,Footlong Sandwich,Cheese loaded paneer,Small,130,
Boys Hostel ,BH1,Hungry Panda,Footlong Sandwich,Cheese loaded paneer,Large,150,
Boys Hostel ,BH1,Hungry Panda,Salad,Basic bean salad,Small,70,
Boys Hostel ,BH1,Hungry Panda,Salad,Basic bean salad,Large,100,
Boys Hostel ,BH1,Hungry Panda,Salad,Mexican salad,Small,80,
Boys Hostel ,BH1,Hungry Panda,Salad,Mexican salad,Large,110,
Boys Hostel ,BH1,Hungry Panda,Salad,Exotic veggies salad,Small,90,
Boys Hostel ,BH1,Hungry Panda,Salad,Exotic veggies salad,Large,120,
Boys Hostel ,BH1,Hungry Panda,Salad,Grilled paneer salad,Small,100,
Boys Hostel ,BH1,Hungry Panda,Salad,Grilled paneer salad,Large,130,
Boys Hostel ,BH1,Hungry Panda,Burrito,Exotic veggies Burrito,Small,90,
Boys Hostel ,BH1,Hungry Panda,Burrito,Exotic veggies Burrito,Large,140,
Boys Hostel ,BH1,Hungry Panda,Burrito,Paneer burrito,Small,100,
Boys Hostel ,BH1,Hungry Panda,Burrito,Paneer burrito,Large,150,
Boys Hostel ,BH1,Hungry Panda,Burrito,Mexican burrito,Small,110,
Boys Hostel ,BH1,Hungry Panda,Burrito,Mexican burrito,Large,160,
Boys Hostel ,BH1,Hungry Panda,Burrito,Mushroom burrito,Small,100,
Boys Hostel ,BH1,Hungry Panda,Burrito,Mushroom burrito,Large,150,
Boys Hostel ,BH1,Hungry Panda,Burrito,Falafal Burrito,Small,120,
Boys Hostel ,BH1,Hungry Panda,Burrito,Falafal Burrito,Large,160,
Boys Hostel ,BH1,Hungry Panda,Pita Bread with Hummus,Plain pita with hummus,,120,
Boys Hostel ,BH1,Hungry Panda,Pita Bread with Hummus,Falafal pita with hummus,,150,
Boys Hostel ,BH1,Hungry Panda,Pita Bread with Hummus,Paneer pita with hummus,,130,
Boys Hostel ,BH1,Hungry Panda,Pita Bread with Hummus,Mix beans pita,,130,
Boys Hostel ,BH1,Hungry Panda,Pizza,Margarita,Small,120,
Boys Hostel ,BH1,Hungry Panda,Pizza,Margarita,Medium,170,
Boys Hostel ,BH1,Hungry Panda,Pizza,Margarita,Large,240,
Boys Hostel ,BH1,Hungry Panda,Pizza,Mingle,Small,120,
Boys Hostel ,BH1,Hungry Panda,Pizza,Mingle,Medium,170,
Boys Hostel ,BH1,Hungry Panda,Pizza,Mingle,Large,240,
Boys Hostel ,BH1,Hungry Panda,Pizza,Farmhouse,Small,130,
Boys Hostel ,BH1,Hungry Panda,Pizza,Farmhouse,Medium,180,
Boys Hostel ,BH1,Hungry Panda,Pizza,Farmhouse,Large,250,
Boys Hostel ,BH1,Hungry Panda,Pizza,Garden house,Small,150,
Boys Hostel ,BH1,Hungry Panda,Pizza,Garden house,Medium,200,
Boys Hostel ,BH1,Hungry Panda,Pizza,Garden house,Large,270,
Boys Hostel ,BH1,Hungry Panda,Pizza,Mushroom,Small,140,
Boys Hostel ,BH1,Hungry Panda,Pizza,Mushroom,Medium,180,
Boys Hostel ,BH1,Hungry Panda,Pizza,Mushroom,Large,250,
Boys Hostel ,BH1,Hungry Panda,Pizza,Classic Paneer,Small,140,
Boys Hostel ,BH1,Hungry Panda,Pizza,Classic Paneer,Medium,180,
Boys Hostel ,BH1,Hungry Panda,Pizza,Classic Paneer,Large,250,
Boys Hostel ,BH1,Hungry Panda,Pizza,BBQ Paneer,Small,150,
Boys Hostel ,BH1,Hungry Panda,Pizza,BBQ Paneer,Medium,190,
Boys Hostel ,BH1,Hungry Panda,Pizza,BBQ Paneer,Large,260,
Boys Hostel ,BH1,Hungry Panda,Pizza,PariPari Paneer,Small,150,
Boys Hostel ,BH1,Hungry Panda,Pizza,PariPari Paneer,Medium,190,
Boys Hostel ,BH1,Hungry Panda,Pizza,PariPari Paneer,Large,260,
Boys Hostel ,BH1,Hungry Panda,Pizza,PineApple Pizza,Small,150,
Boys Hostel ,BH1,Hungry Panda,Pizza,PineApple Pizza,Medium,200,
Boys Hostel ,BH1,Hungry Panda,Pizza,PineApple Pizza,Large,270,
Boys Hostel ,BH1,Hungry Panda,Pizza,Fairy Mexican pizza,Small,150,
Boys Hostel ,BH1,Hungry Panda,Pizza,Fairy Mexican pizza,Medium,200,
Boys Hostel ,BH1,Hungry Panda,Pizza,Fairy Mexican pizza,Large,270,
Boys Hostel ,BH1,Hungry Panda,Pizza,Jalopeno + Olive,Small,140,
Boys Hostel ,BH1,Hungry Panda,Pizza,Jalopeno + Olive,Medium,180,
Boys Hostel ,BH1,Hungry Panda,Pizza,Jalopeno + Olive,Large,250,
Boys Hostel ,BH1,Hungry Panda,Pizza,Hungry Panda classic pizza,Small,300,
Boys Hostel ,BH1,Hungry Panda,Pizza,Hungry Panda classic pizza,Medium,390,
Boys Hostel ,BH1,Hungry Panda,Pizza,Hungry Panda classic pizza,Large,480,
Boys Hostel ,BH1,Hungry Panda,Pizza,Hungry Panda Paneer Delight,Small,330,
Boys Hostel ,BH1,Hungry Panda,Pizza,Hungry Panda Paneer Delight,Medium,400,
Boys Hostel ,BH1,Hungry Panda,Pizza,Hungry Panda Paneer Delight,Large,520,
Boys Hostel ,BH1,Hungry Panda,Pizza,Fairy Panda Pizza,Small,350,
Boys Hostel ,BH1,Hungry Panda,Pizza,Fairy Panda Pizza,Medium,450,
Boys Hostel ,BH1,Hungry Panda,Pizza,Fairy Panda Pizza,Large,520,
Boys Hostel ,BH1,Hungry Panda,Pizza,Baby corn Pizza,Small,160,
Boys Hostel ,BH1,Hungry Panda,Pizza,Baby corn Pizza,Medium,200,
Boys Hostel ,BH1,Hungry Panda,Pizza,Baby corn Pizza,Large,280,
Boys Hostel ,BH1,Hungry Panda,Pizza Add-on,Nachos crunch,Small,50,
Boys Hostel ,BH1,Hungry Panda,Pizza Add-on,Nachos crunch,Medium,70,
Boys Hostel ,BH1,Hungry Panda,Pizza Add-on,Nachos crunch,Large,90,
Boys Hostel ,BH1,Hungry Panda,Pizza Add-on,Extra cheese,Small,40,
Boys Hostel ,BH1,Hungry Panda,Pizza Add-on,Extra cheese,Medium,60,
Boys Hostel ,BH1,Hungry Panda,Pizza Add-on,Extra cheese,Large,70,
Boys Hostel ,BH1,Hungry Panda,Pizza Add-on,Cheese Burst,Small,60,
Boys Hostel ,BH1,Hungry Panda,Pizza Add-on,Cheese Burst,Medium,80,
Boys Hostel ,BH1,Hungry Panda,Pizza Add-on,Cheese Burst,Large,100,
Boys Hostel ,BH1,Hangouts,,Plain Dosa,,50,
Boys Hostel ,BH1,Hangouts,,Podi Dosa,,60,
Boys Hostel ,BH1,Hangouts,,Masala Dosa,,60,
Boys Hostel ,BH1,Hangouts,,Ghee Dosa,,70,
Boys Hostel ,BH1,Hangouts,,Thattu Dosa,,60,
Boys Hostel ,BH1,Hangouts,,Uthappam,,70,
Boys Hostel ,BH1,Hangouts,,Onion Dosa,,60,
Boys Hostel ,BH1,Hangouts,,Tripti Special Dosa,,80,
Boys Hostel ,BH1,Hangouts,,Onion Masala Dosa,,65,
Boys Hostel ,BH1,Hangouts,,Paneer Dosa,,100,
Boys Hostel ,BH1,Hangouts,,Butter Dosa,,70,
Boys Hostel ,BH1,Hangouts,,Idli 3 pcs,,40,
Boys Hostel ,BH1,Hangouts,,Ghee Podi Dosa,,70,
Boys Hostel ,BH1,Hangouts,,Ramassery Idli - 2 pcs,,50,
Boys Hostel ,BH1,Hangouts,,Onion Vada,,10,
Boys Hostel ,BH1,Hangouts,,Dal Vada (Nippattu),,10,
Boys Hostel ,BH1,Hangouts,,Medu Vada (Uzhunnu Vada),,10,
Boys Hostel ,BH1,Hangouts,,Bread Pokko Vada,,15,
Boys Hostel ,BH1,Hangouts,,Sugheen Vada,,15,
Boys Hostel ,BH1,Hangouts,,Samosa,,15,
Boys Hostel ,BH1,Hangouts,,Pazham Pori,,20,
Boys Hostel ,BH1,Hangouts,,Punugulu,,10,
Boys Hostel ,BH1,Hangouts,,Snacks Combo + (Chutney),,50,
Boys Hostel ,BH4,Food Factory,,Chilly Chicken,,210,
Boys Hostel ,BH4,Food Factory,,Steamed Rice,,40,
Boys Hostel ,BH4,Food Factory,,Chilly Chicken (Boneless),,240,
Boys Hostel ,BH4,Food Factory,,Veg Biryani,,110,
Boys Hostel ,BH4,Food Factory,,Garlic Chicken,,210,
Boys Hostel ,BH4,Food Factory,,Egg Biryani (2pc),,130,
Boys Hostel ,BH4,Food Factory,,Garlic Chicken (Boneless),,240,
Boys Hostel ,BH4,Food Factory,,Chk Biryani (3 pc),,150,
Boys Hostel ,BH4,Food Factory,,Chicken 65,,210,
Boys Hostel ,BH4,Food Factory,,Fried Chk Biryani (3pc),,175,
Boys Hostel ,BH4,Food Factory,,Chicken 65 (Boneless),,240,
Boys Hostel ,BH4,Food Factory,,Tandoori Chk Biryani (2 pc),,175,
Boys Hostel ,BH4,Food Factory,,Lemon Chicken,,210,
Boys Hostel ,BH4,Food Factory,,Mutton Biryani (2pc),,225,
Boys Hostel ,BH4,Food Factory,,Lemon Chicken (Boneless),,240,
Boys Hostel ,BH4,Food Factory,,Chicken Lollypop,,200,
Boys Hostel ,BH4,Food Factory,,Chilly Chicken (B/less) + Veg Hakka Noodles,,200,
Boys Hostel ,BH4,Food Factory,,Chicken Pakoda,,210,
Boys Hostel ,BH4,Food Factory,,Chilly Chicken (B/less) + Chk Hakka Noodles,,240,
Boys Hostel ,BH4,Food Factory,,Chicken Pakoda (Boneless),,240,
Boys Hostel ,BH4,Food Factory,,Chilly Chicken (B/less) + Veg Fried Rice,,200,
Boys Hostel ,BH4,Food Factory,,Masala Fried Chicken,,220,
Boys Hostel ,BH4,Food Factory,,Chilly Chicken (B/less) + Chk Fried Rice,,240,
Boys Hostel ,BH4,Food Factory,,Masala Fried Chicken (Boneless),,250,
Boys Hostel ,BH4,Food Factory,,Cheese Chilly + Veg Hakka Noodles,,175,
Boys Hostel ,BH4,Food Factory,,Crispy Chicken Spicy (Chaap Style),,220,
Boys Hostel ,BH4,Food Factory,,Cheese Chilly + Veg Fried Rice,,175,
Boys Hostel ,BH4,Food Factory,,Crispy Chicken Spicy (Boneless),,250,
Boys Hostel ,BH4,Food Factory,,Chilly Chicken (Bravo),,250,
Boys Hostel ,BH4,Food Factory,,Chicken Seekh Masala,,280,
Boys Hostel ,BH4,Food Factory,,"Chilly Chicken (Bravo, Boneless)",,280,
Boys Hostel ,BH4,Food Factory,,Handi Chicken,,280,
Boys Hostel ,BH4,Food Factory,,Chilly Potato,,110,
Boys Hostel ,BH4,Food Factory,,Masala Chicken,,280,
Boys Hostel ,BH4,Food Factory,,Honey Chilly Potato,,130,
Boys Hostel ,BH4,Food Factory,,Tawa Chicken,,280,
Boys Hostel ,BH4,Food Factory,,Dragon Paneer,,150,
Boys Hostel ,BH4,Food Factory,,Kadhai Chicken,,300,
Boys Hostel ,BH4,Food Factory,,Cheese Chilly,,150,
Boys Hostel ,BH4,Food Factory,,Butter Chicken,,320,
Boys Hostel ,BH4,Food Factory,,Punjabi Chicken Masala,,320,
Boys Hostel ,BH4,Food Factory,,Fried Rice - Veg,,110,
Boys Hostel ,BH4,Food Factory,,Rara Chicken,,320,
Boys Hostel ,BH4,Food Factory,,Fried Rice - Egg,,130,
Boys Hostel ,BH4,Food Factory,,Chicken Tikka Butter Masala,,320,
Boys Hostel ,BH4,Food Factory,,Fried Rice - Chicken,,150,
Boys Hostel ,BH4,Food Factory,,Murg Musallam,,320,
Boys Hostel ,BH4,Food Factory,,Hakka Noodles - Veg,,110,
Boys Hostel ,BH4,Food Factory,,Chicken Tangri Masala Curry,,320,
Boys Hostel ,BH4,Food Factory,,Hakka Noodles - Egg,,130,
Boys Hostel ,BH4,Food Factory,,Mutton Rogan Josh,,350,
Boys Hostel ,BH4,Food Factory,,Hakka Noodles - Chicken,,150,
Boys Hostel ,BH4,Food Factory,,Mutton Masala,,350,
Boys Hostel ,BH4,Food Factory,,Chilly Garlic Noodles - Veg,,110,
Boys Hostel ,BH4,Food Factory,,Chilly Garlic Noodles - Egg,,130,
Boys Hostel ,BH4,Food Factory,,Dal of the Day,,120,
Boys Hostel ,BH4,Food Factory,,Chilly Garlic Noodles - Chicken,,150,
Boys Hostel ,BH4,Food Factory,,Mix Veg,,150,
Boys Hostel ,BH4,Food Factory,,Paneer Do Pyaza,,200,
Boys Hostel ,BH4,Food Factory,,Tawa Roti,,5,
Boys Hostel ,BH4,Food Factory,,Kadhai Paneer,,200,
Boys Hostel ,BH4,Food Factory,,Tandoori Roti,,10,
Boys Hostel ,BH4,Food Factory,,Shahi Paneer,,200,
Boys Hostel ,BH4,Food Factory,,Butter Tandoori Roti,,15,
Boys Hostel ,BH4,Food Factory,,Paneer Butter Masala,,220,
Boys Hostel ,BH4,Food Factory,,Plain Naan,,30,
Boys Hostel ,BH4,Food Factory,,Butter Naan,,40,
Boys Hostel ,BH4,Food Factory,,Paneer Tikka,,150,
Boys Hostel ,BH4,Food Factory,,Garlic Naan,,50,
Boys Hostel ,BH4,Food Factory,,Paneer Malai Tikka,,170,
Boys Hostel ,BH4,Food Factory,,Chilly Parantha,,50,
Boys Hostel ,BH4,Food Factory,,French Fries,,100,
Boys Hostel ,BH4,Food Factory,,Lachha Parantha,,50,
Boys Hostel ,BH4,Food Factory,,Masala French Fries,,110,
Boys Hostel ,BH4,Food Factory,,Onion Salad,,15,
Boys Hostel ,BH4,Food Factory,,Handi Chicken (3pc),,190,
Boys Hostel ,BH4,Food Factory,,Green Salad,,25,
Boys Hostel ,BH4,Food Factory,,Handi Chicken (3pc) + Roti (3),,200,
Boys Hostel ,BH4,Food Factory,,Handi Chicken (3pc) + Rice,,220,
Boys Hostel ,BH4,Food Factory,,Boiled Eggs,,10,
Boys Hostel ,BH4,Food Factory,,Masala Chicken (3pc),,190,
Boys Hostel ,BH4,Food Factory,,Plain Omlette,,50,
Boys Hostel ,BH4,Food Factory,,Masala Chicken (3pc) + Roti (3),,200,
Boys Hostel ,BH4,Food Factory,,Masala Omlette,,60,
Boys Hostel ,BH4,Food Factory,,Masala Chicken (3pc) + Rice,,220,
Boys Hostel ,BH4,Food Factory,,Plain Bhurji,,50,
Boys Hostel ,BH4,Food Factory,,Tawa Chicken (3 pc),,190,
Boys Hostel ,BH4,Food Factory,,Masala Bhurji,,60,
Boys Hostel ,BH4,Food Factory,,Tawa Chicken (3pc) + Roti (3),,200,
Boys Hostel ,BH4,Food Factory,,Egg Curry,,130,
Boys Hostel ,BH4,Food Factory,,Tawa Chicken (3pc) + Rice,,220,
Boys Hostel ,BH4,Food Factory,,Karahi Chicken (3pc),,200,
Boys Hostel ,BH4,Food Factory,,Chicken Seekh,,220,
Boys Hostel ,BH4,Food Factory,,Karahi Chicken (3 pc) + Roti (3),,210,
Boys Hostel ,BH4,Food Factory,,Tandoori Chicken,,220,
Boys Hostel ,BH4,Food Factory,,Karahi Chicken (3 pc) + Rice,,230,
Boys Hostel ,BH4,Food Factory,,Afgani Chicken,,240,
Boys Hostel ,BH4,Food Factory,,Butter Chicken (3 pc),,210,
Boys Hostel ,BH4,Food Factory,,Chicken Achari Tikka,,240,
Boys Hostel ,BH4,Food Factory,,Butter Chicken (3 pc) + Roti (3),,220,
Boys Hostel ,BH4,Food Factory,,Chicken Malai Tikka,,250,
Boys Hostel ,BH4,Food Factory,,Butter Chicken (3 pc) + Rice,,240,
Boys Hostel ,BH4,Food Factory,,Pahari Chicken,,250,
Boys Hostel ,BH4,Food Factory,,Rara Chicken (3pc),,210,
Boys Hostel ,BH4,Food Factory,,Bhatti Ka Murg,,250,
Boys Hostel ,BH4,Food Factory,,Rara Chicken (3 pc) + Roti (3),,220,
Boys Hostel ,BH4,Food Factory,,Chicken Tikka,,250,
Boys Hostel ,BH4,Food Factory,,Rara Chicken (3 pc) + Rice,,240,
Boys Hostel ,BH4,Food Factory,,Jahangir Chicken,,250,
Boys Hostel ,BH4,Food Factory,,CK Tikka Butter Masala (3pc),,210,
Boys Hostel ,BH4,Food Factory,,Reshami Chicken,,250,
Boys Hostel ,BH4,Food Factory,,CK Tikka Butter Masala (3pc) + Roti (3),,220,
Boys Hostel ,BH4,Food Factory,,CK Tikka Butter Masala (3pc) + Rice,,240,
Boys Hostel ,BH6,Canteen_BH6,TEA,Regular Tea,,15,
Boys Hostel ,BH6,Canteen_BH6,TEA,Ginger Tea,,20,
Boys Hostel ,BH6,Canteen_BH6,TEA,Lemon Tea,,20,
Boys Hostel ,BH6,Canteen_BH6,TEA,Green Tea,,25,
Boys Hostel ,BH6,Canteen_BH6,TEA,Masala Tea,,25,
Boys Hostel ,BH6,Canteen_BH6,TEA,Elaichi Tea,,25,
Boys Hostel ,BH6,Canteen_BH6,TEA,Rose Tea,,30,
Boys Hostel ,BH6,Canteen_BH6,TEA,Chocolate Tea,,30,
Boys Hostel ,BH6,Canteen_BH6,COFFEE,Hot Coffee,,30,
Boys Hostel ,BH6,Canteen_BH6,COFFEE,Strong Coffee,,35,
Boys Hostel ,BH6,Canteen_BH6,COFFEE,Cold Coffee,,50,
Boys Hostel ,BH6,Canteen_BH6,COFFEE,Chocolate Coffee,,45,
Boys Hostel ,BH6,Canteen_BH6,COFFEE,Hazelnut Coffee,,50,
Boys Hostel ,BH6,Canteen_BH6,COFFEE,Caramel Coffee,,50,
Boys Hostel ,BH6,Canteen_BH6,COFFEE,Cappuccino,,60,
Boys Hostel ,BH6,Canteen_BH6,COFFEE,Latte,,65,
Boys Hostel ,BH6,Canteen_BH6,MILKSHAKES,Vanilla Shake,,70,
Boys Hostel ,BH6,Canteen_BH6,MILKSHAKES,Chocolate Shake,,80,
Boys Hostel ,BH6,Canteen_BH6,MILKSHAKES,Oreo Shake,,90,
Boys Hostel ,BH6,Canteen_BH6,MILKSHAKES,KitKat Shake,,95,
Boys Hostel ,BH6,Canteen_BH6,MILKSHAKES,Strawberry Shake,,80,
Boys Hostel ,BH6,Canteen_BH6,MILKSHAKES,Mango Shake,,85,
Boys Hostel ,BH6,Canteen_BH6,SANDWICHES,Veg Sandwich,,50,
Boys Hostel ,BH6,Canteen_BH6,SANDWICHES,Grilled Veg Sandwich,,70,
Boys Hostel ,BH6,Canteen_BH6,SANDWICHES,Cheese Sandwich,,80,
Boys Hostel ,BH6,Canteen_BH6,SANDWICHES,Paneer Sandwich,,90,
Boys Hostel ,BH6,Canteen_BH6,SANDWICHES,Corn Cheese Sandwich,,85,
Boys Hostel ,BH6,Canteen_BH6,SANDWICHES,Tandoori Sandwich,,95,
Boys Hostel ,BH6,Canteen_BH6,BURGERS,Veg Burger,,60,
Boys Hostel ,BH6,Canteen_BH6,BURGERS,Veg Cheese Burger,,80,
Boys Hostel ,BH6,Canteen_BH6,BURGERS,Crispy Veg Burger,,90,
Boys Hostel ,BH6,Canteen_BH6,BURGERS,Paneer Burger,,100,
Boys Hostel ,BH6,Canteen_BH6,BURGERS,Double Cheese Burger,,120,
Boys Hostel ,BH6,Canteen_BH6,PIZZA,Margherita Pizza,,120,
Boys Hostel ,BH6,Canteen_BH6,PIZZA,Veg Supreme Pizza,,160,
Boys Hostel ,BH6,Canteen_BH6,PIZZA,Paneer Pizza,,180,
Boys Hostel ,BH6,Canteen_BH6,PIZZA,Corn & Cheese Pizza,,170,
Boys Hostel ,BH6,Canteen_BH6,PIZZA,Farm Fresh Pizza,,190,
Boys Hostel ,BH6,Canteen_BH6,WRAPS,Veg Wrap,,70,
Boys Hostel ,BH6,Canteen_BH6,WRAPS,Paneer Wrap,,90,
Boys Hostel ,BH6,Canteen_BH6,WRAPS,Cheese Wrap,,95,
Boys Hostel ,BH6,Canteen_BH6,WRAPS,Mexican Wrap,,100,
Boys Hostel ,BH6,Canteen_BH6,ROLLS,Veg Roll,,60,
Boys Hostel ,BH6,Canteen_BH6,ROLLS,Paneer Roll,,80,
Boys Hostel ,BH6,Canteen_BH6,ROLLS,Cheese Roll,,90,
Boys Hostel ,BH6,Canteen_BH6,ROLLS,Mushroom Roll,,95,
Boys Hostel ,BH6,Canteen_BH6,NOODLES,Veg Noodles,,80,
Boys Hostel ,BH6,Canteen_BH6,NOODLES,Hakka Noodles,,90,
Boys Hostel ,BH6,Canteen_BH6,NOODLES,Schezwan Noodles,,100,
Boys Hostel ,BH6,Canteen_BH6,NOODLES,Paneer Noodles,,110,
Boys Hostel ,BH6,Canteen_BH6,FRIED RICE,Veg Fried Rice,,90,
Boys Hostel ,BH6,Canteen_BH6,FRIED RICE,Schezwan Fried Rice,,100,
Boys Hostel ,BH6,Canteen_BH6,FRIED RICE,Paneer Fried Rice,,120,
Boys Hostel ,BH6,Canteen_BH6,MAGGI,Plain Maggi,,40,
Boys Hostel ,BH6,Canteen_BH6,MAGGI,Veg Maggi,,60,
Boys Hostel ,BH6,Canteen_BH6,MAGGI,Cheese Maggi,,70,
Boys Hostel ,BH6,Canteen_BH6,MAGGI,Paneer Maggi,,80,
Boys Hostel ,BH6,Canteen_BH6,SNACKS,French Fries,,70,
Boys Hostel ,BH6,Canteen_BH6,SNACKS,Peri Peri Fries,,90,
Boys Hostel ,BH6,Canteen_BH6,SNACKS,Garlic Bread,,80,
Boys Hostel ,BH6,Canteen_BH6,SNACKS,Cheese Garlic Bread,,100,
Boys Hostel ,BH6,Canteen_BH6,SNACKS,Samosa,,20,
Boys Hostel ,BH6,Canteen_BH6,SNACKS,Veg Puff,,25,
Boys Hostel ,BH6,Canteen_BH6,SNACKS,Spring Roll,,60,
Boys Hostel ,BH6,Canteen_BH6,MOMOS,Veg Momos (6 pcs),,70,
Boys Hostel ,BH6,Canteen_BH6,MOMOS,Fried Momos,,90,
Boys Hostel ,BH6,Canteen_BH6,MOMOS,Paneer Momos,,100,
Boys Hostel ,BH6,Canteen_BH6,MOMOS,Cheese Momos,,110,
Boys Hostel ,BH6,Canteen_BH6,DESSERTS,Brownie,,60,
Boys Hostel ,BH6,Canteen_BH6,DESSERTS,Ice Cream Scoop,,50,
Boys Hostel ,BH6,Canteen_BH6,DESSERTS,Chocolate Pastry,,70,
Boys Hostel ,BH6,Canteen_BH6,DESSERTS,Gulab Jamun (2 pcs),,40,
Boys Hostel ,BH6,Canteen_BH6,SOFT DRINKS,Mineral Water,,20,
Boys Hostel ,BH6,Canteen_BH6,SOFT DRINKS,Coke,,40,
Boys Hostel ,BH6,Canteen_BH6,SOFT DRINKS,Sprite,,40,
Boys Hostel ,BH6,Canteen_BH6,SOFT DRINKS,Fanta,,40,
Boys Hostel ,BH6,Canteen_BH6,SOFT DRINKS,Fresh Lime Soda,,50,
Boys Hostel ,BH6,Canteen_BH6,SOFT DRINKS,Lemon Juice,,40,
CSE Block ,Block 25,Gupta Canteen,,"Thali (1 Dal, 1 Veg, 1 Rice, 1 Raita, Salad, Chapati, Packed Curd Rs.10)",,90,
CSE Block ,Block 25,Gupta Canteen,,"Special Thali (1 Dal, 1 Paneer, 1 Veg, 1 Rice, Packed Curd Rs.10, Salad, 3 Chapati)",,110,
CSE Block ,Block 25,Gupta Canteen,,Dal/Channa/Karhi/Rajmah with Rice,,75,
CSE Block ,Block 25,Gupta Canteen,,Poori Channa/Kulcha Chana/Channa Bhatura (5 Poori/3 Kulcha/2 Bhature+1 Bowl Channa+Aloo Veg+Salad),,75,
CSE Block ,Block 25,Gupta Canteen,,"Paneer Gravy (1 Bowl 450ml, 120gm Paneer)",,90,
CSE Block ,Block 25,Gupta Canteen,,Paneer Bhurji,,120,
CSE Block ,Block 25,Gupta Canteen,,Seasonal Dry Veg/Gravy Veg/Dal/Channa/Karhi/Rajmah,,50,
CSE Block ,Block 25,Gupta Canteen,,"Plain Parantha (1 Piece, Without Butter)",,20,
CSE Block ,Block 25,Gupta Canteen,,"Parantha Stuffed - Aloo, Gobhi, Onion (1 Piece, Without Butter)",,35,
CSE Block ,Block 25,Gupta Canteen,,"Parantha Stuffed - Paneer (1 Piece, Without Butter)",,50,
CSE Block ,Block 25,Gupta Canteen,,Rice Bowl,,70,
CSE Block ,Block 25,Gupta Canteen,,Tea,,15,
CSE Block ,Block 25,Gupta Canteen,,Hot Coffee,,30,
CSE Block ,Block 25,Gupta Canteen,,Plain Dosa/Vada/Idli (with Sambhar and Chutney) - 1 Piece Dosa / 2 Piece Idli or Vada,,80,
CSE Block ,Block 25,Gupta Canteen,,Masala Dosa (Aloo/Onion) / Uttapam (with Sambhar and Chutney),,100,
CSE Block ,Block 25,Gupta Canteen,,Masala Dosa (Paneer),,120,
CSE Block ,Block 25,Gupta Canteen,,"Flavoured Rice (Lemon Tomato, Curd, Tamarind + Sambhar + Chatni)",,70,
CSE Block ,Block 25,Gupta Canteen,,Sambar Rice (1 Plate),,80,
CSE Block ,Block 25,Gupta Canteen,,Sambar Vada (2 Vada),,80,
CSE Block ,Block 25,Gupta Canteen,,Punugullu (10pc),,80,
CSE Block ,Block 25,Gupta Canteen,,Samosa (1pc),,20,
CSE Block ,Block 25,Gupta Canteen,,Bread Pakora (1pc),,20,
CSE Block ,Block 25,Gupta Canteen,,Bread Roll (1pc),,20,
CSE Block ,Block 25,Gupta Canteen,,Channa Samosa + Chutney (2pcs),,50,
CSE Block ,Block 25,Gupta Canteen,,Jumbo Grilled Sandwich,,80,
CSE Block ,Block 25,Gupta Canteen,,Patties - Aloo,,25,
CSE Block ,Block 25,Gupta Canteen,,Patties - Paneer,,35,
CSE Block ,Block 25,Gupta Canteen,,Kachori,,30,
CSE Block ,Block 25,Gupta Canteen,,Lassi,,50,
CSE Block ,Block 25,Gupta Canteen,,Dahi Bhalla,,60,
CSE Block ,Block 25,Gupta Canteen,,French Fries,,50,
CSE Block ,Block 25,Gupta Canteen,,Maggi,,30,
CSE Block ,Block 25,Gupta Canteen,,Veg Maggi,,50,
CSE Block ,Block 25,Gupta Canteen,,Momos (Fried & Steamed),,60,
CSE Block ,Block 25,Gupta Canteen,,Sweet Corn,,50,
CSE Block ,Block 25,Gupta Canteen,,Noodles,,70,
CSE Block ,Block 25,Gupta Canteen,,Manchurian/Fried Rice Combo,,80,
CSE Block ,Block 25,Gupta Canteen,,Manchurian,,80,
CSE Block ,Block 25,Gupta Canteen,,Fried Rice,,80,
CSE Block ,Block 25,Gupta Canteen,,Veggie Burger (with Cheese),,50,
CSE Block ,Block 25,Gupta Canteen,,Spring Roll,,60,
CSE Block ,Block 25,Gupta Canteen,,Tikki Matar,,60,
CSE Block ,Block 25,Gupta Canteen,,Chinese Combo (Noodles + 4 balls Manchurian),,100,
CSE Block ,Block 25,Gupta Canteen,,Nutri Kulcha,,60,
CSE Block ,Block 25,Gupta Canteen,,Pav Bhaji,,70,
CSE Block ,Block 25,Gupta Canteen,,Poha,,30,
CSE Block ,Block 25,Gupta Canteen,,"Shakes, Cold Coffee",,60,
CSE Block ,Block 27,Vishal Dhaba & Cafe,,"Thali (1 Dal, 1 Veg, 1 Rice, 1 Raita, Salad, Chapati, Packed Curd Rs.10)",,90,
CSE Block ,Block 27,Vishal Dhaba & Cafe,,"Special Thali (1 Dal, 1 Paneer, 1 Veg, 1 Rice, Packed Curd Rs.10, Salad, 3 Chapati)",,110,
CSE Block ,Block 27,Vishal Dhaba & Cafe,,Dal/Channa/Karhi/Rajmah with Rice,,75,
CSE Block ,Block 27,Vishal Dhaba & Cafe,,Poori Channa/Kulcha Chana/Channa Bhatura (5 Poori/3 Kulcha/2 Bhature+1 Bowl Channa+Aloo Veg+Salad),,75,
CSE Block ,Block 27,Vishal Dhaba & Cafe,,"Paneer Gravy (1 Bowl 450ml, 120gm Paneer)",,90,
CSE Block ,Block 27,Vishal Dhaba & Cafe,,Paneer Bhurji,,120,
CSE Block ,Block 27,Vishal Dhaba & Cafe,,Seasonal Dry Veg/Gravy Veg/Dal/Channa/Karhi/Rajmah,,50,
CSE Block ,Block 27,Vishal Dhaba & Cafe,,"Plain Parantha (1 Piece, Without Butter)",,20,
CSE Block ,Block 27,Vishal Dhaba & Cafe,,"Parantha Stuffed - Aloo, Gobhi, Onion (1 Piece, Without Butter)",,35,
CSE Block ,Block 27,Vishal Dhaba & Cafe,,"Parantha Stuffed - Paneer (1 Piece, Without Butter)",,50,
CSE Block ,Block 27,Vishal Dhaba & Cafe,,Rice Bowl,,70,
CSE Block ,Block 27,Vishal Dhaba & Cafe,,Plain Dosa/Vada/Idli (with Sambhar and Chutney) - 1 Piece Dosa / 2 Piece Idli or Vada,,80,
CSE Block ,Block 27,Vishal Dhaba & Cafe,,Masala Dosa (Aloo/Onion) / Uttapam (with Sambhar and Chutney),,100,
CSE Block ,Block 27,Vishal Dhaba & Cafe,,Masala Dosa (Paneer),,120,
CSE Block ,Block 27,Vishal Dhaba & Cafe,,"Flavoured Rice (Lemon Tomato, Curd, Tamarind + Sambhar + Chatni)",,70,
CSE Block ,Block 27,Vishal Dhaba & Cafe,,Sambar Rice (1 Plate),,80,
CSE Block ,Block 27,Vishal Dhaba & Cafe,,Sambar Vada (2 Vada),,80,
CSE Block ,Block 27,Vishal Dhaba & Cafe,,Punugullu (10pc),,80,
CSE Block ,Block 27,Vishal Dhaba & Cafe,,Samosa (1pc),,20,
CSE Block ,Block 27,Vishal Dhaba & Cafe,,Bread Pakora (1pc),,20,
CSE Block ,Block 27,Vishal Dhaba & Cafe,,Bread Roll (1pc),,20,
CSE Block ,Block 27,Vishal Dhaba & Cafe,,Channa Samosa + Chutney (2pcs),,50,
CSE Block ,Block 27,Vishal Dhaba & Cafe,,Jumbo Grilled Sandwich,,80,
CSE Block ,Block 27,Vishal Dhaba & Cafe,,Patties - Aloo,,25,
CSE Block ,Block 27,Vishal Dhaba & Cafe,,Patties - Paneer,,35,
CSE Block ,Block 27,Vishal Dhaba & Cafe,,Kachori,,30,
CSE Block ,Block 27,Vishal Dhaba & Cafe,,Dahi Bhalla,,60,
CSE Block ,Block 27,Vishal Dhaba & Cafe,,French Fries,,50,
CSE Block ,Block 27,Vishal Dhaba & Cafe,,Maggi,,30,
CSE Block ,Block 27,Vishal Dhaba & Cafe,,Veg Maggi,,50,
CSE Block ,Block 27,Vishal Dhaba & Cafe,,Momos (Fried & Steamed),,60,
CSE Block ,Block 27,Vishal Dhaba & Cafe,,Sweet Corn,,50,
CSE Block ,Block 27,Vishal Dhaba & Cafe,,Noodles,,70,
CSE Block ,Block 27,Vishal Dhaba & Cafe,,Manchurian/Fried Rice Combo,,80,
CSE Block ,Block 27,Vishal Dhaba & Cafe,,Manchurian,,80,
CSE Block ,Block 27,Vishal Dhaba & Cafe,,Fried Rice,,80,
CSE Block ,Block 27,Vishal Dhaba & Cafe,,Veggie Burger (with Cheese),,50,
CSE Block ,Block 27,Vishal Dhaba & Cafe,,Spring Roll,,60,
CSE Block ,Block 27,Vishal Dhaba & Cafe,,Tikki Matar,,60,
CSE Block ,Block 27,Vishal Dhaba & Cafe,,Chinese Combo (Noodles + 4 balls Manchurian),,100,
CSE Block ,Block 27,Vishal Dhaba & Cafe,,Nutri Kulcha,,60,
CSE Block ,Block 27,Vishal Dhaba & Cafe,,Pav Bhaji,,70,
CSE Block ,Block 27,Vishal Dhaba & Cafe,,Poha,,30,
CSE Block ,Block 33,Gobindas Kitchen,,Chana Bathura,,75,
CSE Block ,Block 33,Gobindas Kitchen,,Chana Puri,,75,
CSE Block ,Block 33,Gobindas Kitchen,,Chana Kulcha,,75,
CSE Block ,Block 33,Gobindas Kitchen,,Nutri Kulcha,,60,
CSE Block ,Block 33,Gobindas Kitchen,,Allo Prantha,,35,
CSE Block ,Block 33,Gobindas Kitchen,,Gobi Prantha,,35,
CSE Block ,Block 33,Gobindas Kitchen,,Onion Prantha,,35,
CSE Block ,Block 33,Gobindas Kitchen,,Mix Prantha,,35,
CSE Block ,Block 33,Gobindas Kitchen,,Paneer Prantha,,50,
CSE Block ,Block 33,Gobindas Kitchen,,Poha,,40,
CSE Block ,Block 33,Gobindas Kitchen,,Samosa,,20,
CSE Block ,Block 33,Gobindas Kitchen,,Chana Samosa,,50,
CSE Block ,Block 33,Gobindas Kitchen,,Patty,,25,
CSE Block ,Block 33,Gobindas Kitchen,,Bread Pakora,,20,
CSE Block ,Block 33,Gobindas Kitchen,,Maggi,,30,
CSE Block ,Block 33,Gobindas Kitchen,,Veg. Maggi,,50,
CSE Block ,Block 33,Gobindas Kitchen,,Allo Sandwich,,30,
CSE Block ,Block 33,Gobindas Kitchen,,Paneer Sandwich,,50,
CSE Block ,Block 33,Gobindas Kitchen,,Masala Oats,,40,
CSE Block ,Block 33,Gobindas Kitchen,,Milk Oats,,50,
CSE Block ,Block 33,Gobindas Kitchen,,Milk Dalia,,50,
CSE Block ,Block 33,Gobindas Kitchen,,Peanut Butter with Banana (2 Pc.),,50,
CSE Block ,Block 33,Gobindas Kitchen,,Tea,,15,
CSE Block ,Block 33,Gobindas Kitchen,,Coffee,,30,
CSE Block ,Block 33,Gobindas Kitchen,,Lassi (Sweet & Salted),,40,
CSE Block ,Block 33,Gobindas Kitchen,,Shakes,,60,
CSE Block ,Block 33,Gobindas Kitchen,,Normal Thali,,90,
CSE Block ,Block 33,Gobindas Kitchen,,Special Thali,,90,
CSE Block ,Block 33,Gobindas Kitchen,,Dal Rice,,75,
CSE Block ,Block 33,Gobindas Kitchen,,Chana Rice,,75,
CSE Block ,Block 33,Gobindas Kitchen,,Kari Rice,,75,
CSE Block ,Block 33,Gobindas Kitchen,,Rajma Rice,,75,
CSE Block ,Block 33,Gobindas Kitchen,,Paneer Rice,,90,
CSE Block ,Block 33,Gobindas Kitchen,,Paneer Bowl,,90,
CSE Block ,Block 33,Gobindas Kitchen,,Dal Rajma Bowl,,50,
CSE Block ,Block 33,Gobindas Kitchen,,Dry Sabji Bowl,,60,
CSE Block ,Block 33,Gobindas Kitchen,,Sabji + Roti,,70,
CSE Block ,Block 33,Gobindas Kitchen,,Paneer + 4 Roti,,80,
CSE Block ,Block 33,Gobindas Kitchen,,Paneer Burji + 2 Plain Prantha,,80,
CSE Block ,Block 33,Gobindas Kitchen,,Paneer Burji + 2 Bread,,80,
CSE Block ,Block 33,Gobindas Kitchen,,Noodles,,70,
CSE Block ,Block 33,Gobindas Kitchen,,Manchurian,,80,
CSE Block ,Block 33,Gobindas Kitchen,,Fried Rice,,80,
CSE Block ,Block 33,Gobindas Kitchen,,Lemon Rice,,80,
CSE Block ,Block 33,Gobindas Kitchen,,Noodles + Manchurian,,100,
CSE Block ,Block 33,Gobindas Kitchen,,Fried Rice + Manchurian,,80,
CSE Block ,Block 33,Gobindas Kitchen,,Grilled Sandwich,,80,
CSE Block ,Block 33,Gobindas Kitchen,,Nutri + Kulcha,,60,
CSE Block ,Block 33,Gobindas Kitchen,,Pav Bhaji,,70,
CSE Block ,Block 33,Gobindas Kitchen,,White Sauce Pasta,,90,
CSE Block ,Block 33,Gobindas Kitchen,,Red Sauce Pasta,,90,
CSE Block ,Block 33,Gobindas Kitchen,,Dahi Bhalla,,60,
CSE Block ,Block 33,Gobindas Kitchen,,French Fries,,50,
CSE Block ,Block 33,Gobindas Kitchen,,Sweet Corn,,50,
CSE Block ,Block 34,Chaap Express,Soya Tandoori Items,Malai Chaap,,89,
CSE Block ,Block 34,Chaap Express,Soya Tandoori Items,Punjabi Chaap,,89,
CSE Block ,Block 34,Chaap Express,Soya Tandoori Items,Afghani Chaap,,89,
CSE Block ,Block 34,Chaap Express,Soya Tandoori Items,Lemon Chaap,,99,
CSE Block ,Block 34,Chaap Express,Soya Tandoori Items,Sunny Lemon Chaap,,99,
CSE Block ,Block 34,Chaap Express,Soya Tandoori Items,Khafila Chaap,,99,
CSE Block ,Block 34,Chaap Express,Soya Tandoori Items,Stuffed Chaap,,99,
CSE Block ,Block 34,Chaap Express,Soya Tandoori Items,Veg Chicken Tikka Chaap (2pc),,99,
CSE Block ,Block 34,Chaap Express,Soya Tandoori Items,Fish Tikka Chaap (2pc),,99,
CSE Block ,Block 34,Chaap Express,Soya Tandoori Items,Tandoori Leg (2pc),,110,
CSE Block ,Block 34,Chaap Express,Soya Tandoori Items,Seekh Kebab,,89,
CSE Block ,Block 34,Chaap Express,Soya Tandoori Items,Achari Chaap,,99,
CSE Block ,Block 34,Chaap Express,Tikka Items,Mushroom Tikka,,99,
CSE Block ,Block 34,Chaap Express,Tikka Items,Paneer Tikka,,99,
CSE Block ,Block 34,Chaap Express,Tikka Items,Achari Paneer Tikka,,99,
CSE Block ,Block 34,Chaap Express,Tikka Items,Pudina Paneer Tikka,,99,
CSE Block ,Block 34,Chaap Express,Special Paneer Gravy,Special Kadai Paneer,,130,
CSE Block ,Block 34,Chaap Express,Special Paneer Gravy,Special Lemon Kadai Paneer,,130,
CSE Block ,Block 34,Chaap Express,Special Paneer Gravy,Shahi Paneer,,120,
CSE Block ,Block 34,Chaap Express,Special Paneer Gravy,Paneer Lababdar,,120,
CSE Block ,Block 34,Chaap Express,Special Paneer Gravy,Paneer Tikka Butter Masala,,130,
CSE Block ,Block 34,Chaap Express,Special Paneer Gravy,Hari Ke Nazare,,150,
CSE Block ,Block 34,Chaap Express,Rolls,Malai Chaap Roll,,80,
CSE Block ,Block 34,Chaap Express,Rolls,Afghani Chaap Roll,,80,
CSE Block ,Block 34,Chaap Express,Rolls,Punjabi Chaap Roll,,80,
CSE Block ,Block 34,Chaap Express,Rolls,Lemon Chaap Roll,,80,
CSE Block ,Block 34,Chaap Express,Rolls,Stuff Chaap Roll,,90,
CSE Block ,Block 34,Chaap Express,Rolls,Veg Chicken Tikka Roll,,99,
CSE Block ,Block 34,Chaap Express,Rolls,Veg Fish Tikka Roll,,99,
CSE Block ,Block 34,Chaap Express,Rolls,Veg Kebab Roll,,99,
CSE Block ,Block 34,Chaap Express,Rolls,Veg Butter Leg Roll,,99,
CSE Block ,Block 34,Chaap Express,Thali Special,Amritsari Aloo Kulcha,,70,
CSE Block ,Block 34,Chaap Express,Thali Special,Amritsari Gobi Kulcha,,80,
CSE Block ,Block 34,Chaap Express,Thali Special,Amritsari Green Chilly Kulcha,,80,
CSE Block ,Block 34,Chaap Express,Thali Special,Amritsari Mix Kulcha,,80,
CSE Block ,Block 34,Chaap Express,Thali Special,Amritsari Paneer Kulcha,,110,
CSE Block ,Block 34,Chaap Express,Thali Special,Garlic Naan + Raita,,80,
CSE Block ,Block 34,Chaap Express,Breads,Butter Naan,,30,
CSE Block ,Block 34,Chaap Express,Breads,Aloo Naan,,40,
CSE Block ,Block 34,Chaap Express,Breads,Paneer Naan,,60,
CSE Block ,Block 34,Chaap Express,Breads,Ghobi Naan,,40,
CSE Block ,Block 34,Chaap Express,Breads,Mix Naan,,40,
CSE Block ,Block 34,Chaap Express,Breads,Garlic Naan,,50,
CSE Block ,Block 34,Chaap Express,Breads,Green Chilly Naan,,40,
CSE Block ,Block 34,Chaap Express,Breads,Red Chilly Naan,,40,
CSE Block ,Block 34,Chaap Express,Breads,Onion Naan,,40,
CSE Block ,Block 34,Chaap Express,Desi Munch & More,Choley Bhature,,70,
CSE Block ,Block 34,Chaap Express,Desi Munch & More,Aloo Poori,,60,
CSE Block ,Block 34,Chaap Express,Tandoori Combos,Malai Chaap + Butter Naan,,100,
CSE Block ,Block 34,Chaap Express,Tandoori Combos,Punjabi Chaap + Butter Naan,,100,
CSE Block ,Block 34,Chaap Express,Gravy Combos,Tawa Chaap + Butter Naan,,100,
CSE Block ,Block 34,Chaap Express,Gravy Combos,Rogan Josh + Butter Naan,,110,
CSE Block ,Block 34,Chaap Express,Gravy Combos,Black Mutton + Butter Naan,,150,
CSE Block ,Block 34,Chaap Express,Paneer Combos,Paneer Butter Masala + Butter Naan,,150,
CSE Block ,Block 34,Chaap Express,Paneer Combos,Shahi Paneer + Butter Naan,,110,
CSE Block ,Block 34,Bengali_Bawarchi,,Dal Puri,,60,
CSE Block ,Block 34,Bengali_Bawarchi,,Veg Roll,,60,
CSE Block ,Block 34,Bengali_Bawarchi,,Noodles Roll,,60,
CSE Block ,Block 34,Bengali_Bawarchi,,Paneer Roll,,70,
CSE Block ,Block 34,Bengali_Bawarchi,,Malai Chap Roll,,70,
CSE Block ,Block 34,Bengali_Bawarchi,,Nugget Rice Bowl,,70,
CSE Block ,Block 34,Bengali_Bawarchi,,Paneer Rice Bowl,,80,
CSE Block ,Block 34,Bengali_Bawarchi,,Malai Chap Rice Bowl,,80,
CSE Block ,Block 34,Bengali_Bawarchi,,Dal Rice,,50,
CSE Block ,Block 34,Bengali_Bawarchi,,Rajma Rice,,60,
CSE Block ,Block 34,Bengali_Bawarchi,,Normal Thali,,80,
CSE Block ,Block 34,Bengali_Bawarchi,,Special Thali,,100,
CSE Block ,Block 34,Bengali_Bawarchi,,Veg Biryani,,80,
CSE Block ,Block 34,Bengali_Bawarchi,,Jalebi (30 Rs / 100 gram),,30,
CSE Block ,Block 34,Payal Chat,,CHANA BHUTARA / PURI (2PC),,60,
CSE Block ,Block 34,Payal Chat,,CHAT TIKKI (250ML),,60,
CSE Block ,Block 34,Payal Chat,,BHALLA PAPRI (250ML),,60,
CSE Block ,Block 34,Payal Chat,,CHANA SAMOSA (2PC),,45,
CSE Block ,Block 34,Payal Chat,,CHANA MATHI (2PC),,45,
CSE Block ,Block 34,Payal Chat,,CHANA KACHORI (2PC),,45,
CSE Block ,Block 34,Payal Chat,,PANI PURI (5PC),,20,
CSE Block ,Block 34,Payal Chat,,LEMON SODA,,30,
CSE Block ,Block 34,Payal Chat,,LEMON SODA (Large),,40,
CSE Block ,Block 34,Tealogy café,,IRANI CHAI (200ML),,40,
CSE Block ,Block 34,Tealogy café,,GUD WALI CHAI (100ML),,20,
CSE Block ,Block 34,Tealogy café,,GUD WALI CHAI (200ML),,40,
CSE Block ,Block 34,Tealogy café,,TEALOGY SPECIAL CHAI (100ML),,25,
CSE Block ,Block 34,Tealogy café,,TEALOGY SPECIAL CHAI (200ML),,45,
CSE Block ,Block 34,Tealogy café,,LEMON MINT TEA (200ML),,35,
CSE Block ,Block 34,Tealogy café,,GREEN TEA (200ML),,30,
CSE Block ,Block 34,Tealogy café,,SIMPLE COFFEE (100ML),,25,
CSE Block ,Block 34,Tealogy café,,SIMPLE COFFEE (200ML),,40,
CSE Block ,Block 34,Tealogy café,,ESPRESSO (200ML),,50,
CSE Block ,Block 34,Tealogy café,,AMERICANO (200ML),,60,
CSE Block ,Block 34,Tealogy café,,CAPPUCCINO (200ML),,70,
CSE Block ,Block 34,Tealogy café,,CAFE LATE (200ML),,70,
CSE Block ,Block 34,Tealogy café,,FLAT WHITE (200ML),,80,
CSE Block ,Block 34,Tealogy café,,MOCHA (200ML),,80,
CSE Block ,Block 34,Tealogy café,,FRENCH VANILLA (200ML),,90,
CSE Block ,Block 34,Tealogy café,,HAZELNUT (200ML),,90,
CSE Block ,Block 34,Tealogy café,,CARAMEL CAPPUCCINO (200ML),,100,
CSE Block ,Block 34,Tealogy café,,HOT CHOCOLATE,,60,
CSE Block ,Block 34,Tealogy café,,HAZELNUT HOT CHOCOLATE,,70,
CSE Block ,Block 34,Tealogy café,,ALOO TIKKI SUB,,90,
CSE Block ,Block 34,Tealogy café,,VEG TIKKI SUB,,100,
CSE Block ,Block 34,Tealogy café,,HARA BHARA SUB,,110,
CSE Block ,Block 34,Tealogy café,,SPICEY PANNER SUB,,120,
CSE Block ,Block 34,Tealogy café,,MAXICAN SUB,,110,
CSE Block ,Block 34,Tealogy café,,MAKHANI PANNER SUB,,120,
CSE Block ,Block 34,Tealogy café,,MACARONI WITH WHITE SAUCE,,60,
CSE Block ,Block 34,Tealogy café,,BAKED MACARONI WITH WHITE SAUCE,,80,
CSE Block ,Block 34,Tealogy café,,MACARONI WITH MIX SAUCE,,70,
CSE Block ,Block 34,Tealogy café,,BAKED MACARONI WITH MIXED SAUCE,,90,
CSE Block ,Block 34,Tealogy café,,VEGITABLE SOOJI CAKES (IDLE),,60,
CSE Block ,Block 34,Tealogy café,,VEGITABLE SOOJI CAKES (IDLE) WITH CHEESE,,80,
CSE Block ,Block 34,Tealogy café,,CLASSIC COLD COFFEE (300ML),,80,
CSE Block ,Block 34,Tealogy café,,CLASSIC COLD COFFEE WITH ICE CREAM (300ML),,90,
CSE Block ,Block 34,Tealogy café,,CARAMEL FRAPPE (300ML),,100,
CSE Block ,Block 34,Tealogy café,,MOCHA FRAPPE (300ML),,100,
CSE Block ,Block 34,Tealogy café,,HAZELNUT FRAPPE (300ML),,100,
CSE Block ,Block 34,Tealogy café,,LEMON ICED TEA (300ML),,50,
CSE Block ,Block 34,Tealogy café,,LEMON MINT ICED TEA (300ML),,60,
CSE Block ,Block 34,Tealogy café,,STRAWBERRY ICED TEA (300ML),,70,
CSE Block ,Block 34,Tealogy café,,CHOCOLATE SHAKE (300ML),,80,
CSE Block ,Block 34,Tealogy café,,STRAWBERRY SHAKE (300ML),,80,
CSE Block ,Block 34,Tealogy café,,KIT KAT SHAKE (300ML),,90,
CSE Block ,Block 34,Tealogy café,,OREO CAREMEL (300ML),,100,
CSE Block ,Block 34,Tealogy café,,BROWNIE SHAKE (300ML),,110,
CSE Block ,Block 34,Tealogy café,,RED VELVET SHAKE (300ML),,110,
CSE Block ,Block 34,Tealogy café,,AMERICAN MUD PIE SCHAKE (300ML),,120,
CSE Block ,Block 34,Tealogy café,,VIRGIN MOJITO (300ML),,70,
CSE Block ,Block 34,Tealogy café,,KIWI COOLER (300ML),,70,
CSE Block ,Block 34,Tealogy café,,BLUE CURACAO MOJITO (300ML),,70,
CSE Block ,Block 34,Tealogy café,,GREEN APPLE MOJITO (300ML),,80,
CSE Block ,Block 34,Tealogy café,,WATERMELON MOJITO (300ML),,80,
CSE Block ,Block 34,Tealogy café,,PINK PANTHER (300ML),,80,
CSE Block ,Block 34,Tealogy café,,BLACKCRUENT MOJITO (300ML),,90,
CSE Block ,Block 34,Tealogy café,,POPCORN SALTED (HALF),,30,
CSE Block ,Block 34,Tealogy café,,POPCORN SALTED (FULL),,50,
CSE Block ,Block 34,Tealogy café,,POPCORN PERI PERI (HALF),,35,
CSE Block ,Block 34,Tealogy café,,POPCORN PERI PERI (FULL),,60,
CSE Block ,Block 34,Tealogy café,,MASKA BUN (FULL),,50,
CSE Block ,Block 34,Tealogy café,,HOT BROWNIE WITH ICE CREAM (FULL),,60,
CSE Block ,Block 34,Tealogy café,,CRISPERS (FULL),,90,
CSE Block ,Block 34,Tealogy café,,FRIES (FULL),,80,
CSE Block ,Block 34,Tealogy café,,PERI PERI FRIES (FULL),,90,
CSE Block ,Block 34,Tealogy café,,MASALA FRIES (FULL),,120,
CSE Block ,Block 34,Tealogy café,,TEALOGY SPECIAL LOADED FRIES (FULL),,130,
CSE Block ,Block 34,Tealogy café,,SPRING ROLLS (FULL),,80,
CSE Block ,Block 34,Tealogy café,,CLASSIC CORN (FULL),,50,
CSE Block ,Block 34,Tealogy café,,CHILLI BUTTER CORN (FULL),,60,
CSE Block ,Block 34,Tealogy café,,CHEESE BUTTER CORN (FULL),,70,
CSE Block ,Block 34,Tealogy café,,ANY DIP,,20,
CSE Block ,Block 34,Tealogy café,,EXTRA COFFEE,,30,
CSE Block ,Block 34,Chennai Express,,Punugulu,,60,
CSE Block ,Block 34,Chennai Express,,Masala Dosa,,60,
CSE Block ,Block 34,Chennai Express,,Plain Dosa,,50,
CSE Block ,Block 34,Chennai Express,,Idli,,50,
CSE Block ,Block 34,Chennai Express,,Vada (per piece),,20,
CSE Block ,Block 34,Chennai Express,,Onion Dosa,,70,
CSE Block ,Block 34,Chennai Express,,Ghee Dosa,,60,
CSE Block ,Block 34,Chennai Express,,Podi Dosa,,70,
CSE Block ,Block 34,Chennai Express,,Aama Vada,,25,
CSE Block ,Block 34,Bengali_Bawarchi,,Dal Puri,,60,
CSE Block ,Block 34,Bengali_Bawarchi,,Veg Roll,,60,
CSE Block ,Block 34,Bengali_Bawarchi,,Noodles Roll,,60,
CSE Block ,Block 34,Bengali_Bawarchi,,Paneer Roll,,70,
CSE Block ,Block 34,Bengali_Bawarchi,,Malai Chap Roll,,70,
CSE Block ,Block 34,Bengali_Bawarchi,,Nugget Rice Bowl,,70,
CSE Block ,Block 34,Bengali_Bawarchi,,Paneer Rice Bowl,,80,
CSE Block ,Block 34,Bengali_Bawarchi,,Malai Chap Rice Bowl,,80,
CSE Block ,Block 34,Bengali_Bawarchi,,Dal Rice,,50,
CSE Block ,Block 34,Bengali_Bawarchi,,Rajma Rice,,60,
CSE Block ,Block 34,Bengali_Bawarchi,,Normal Thali,,80,
CSE Block ,Block 34,Bengali_Bawarchi,,Special Thali,,100,
CSE Block ,Block 34,Bengali_Bawarchi,,Veg Biryani,,80,
CSE Block ,Block 34,Bengali_Bawarchi,,Jalebi (30 Rs / 100 gram),,30,
CSE Block ,Block 34,Protein O Shakes,Burgers,Soya Patty Burger,,₹60,
CSE Block ,Block 34,Protein O Shakes,Burgers,Veggie Burger,,₹60,
CSE Block ,Block 34,Protein O Shakes,Burgers,Cheese Veg Burger,,₹70,
CSE Block ,Block 34,Protein O Shakes,Burgers,Paneer Tikka Burger,,₹80,
CSE Block ,Block 34,Protein O Shakes,Burgers,Mexican Patty Burger,,₹80,
CSE Block ,Block 34,Protein O Shakes,Sub's,Veggie Delight,,₹70,
CSE Block ,Block 34,Protein O Shakes,Sub's,Mexican Paneer,,₹80,
CSE Block ,Block 34,Protein O Shakes,Sub's,Cheese Paneer,,₹70,
CSE Block ,Block 34,Protein O Shakes,Sub's,Afghani Paneer,,₹80,
CSE Block ,Block 34,Protein O Shakes,Sub's,Paneer Tikka,,₹80,
CSE Block ,Block 34,Protein O Shakes,Sandwiches,Corn Sandwiches,,₹50,
CSE Block ,Block 34,Protein O Shakes,Sandwiches,Vege Sandwiches,,₹50,
CSE Block ,Block 34,Protein O Shakes,Sandwiches,Hara Bhara Sandwiches,,₹60,
CSE Block ,Block 34,Protein O Shakes,Sandwiches,Paneer Sandwiches,,₹60,
CSE Block ,Block 34,Protein O Shakes,Sandwiches,Tandoori Sandwiches,,₹60,
CSE Block ,Block 34,Protein O Shakes,Sandwiches,Veggie Sandwiches,,₹60,
CSE Block ,Block 34,Protein O Shakes,Sandwiches,Cheese Sandwiches,,₹60,
CSE Block ,Block 34,Protein O Shakes,Sandwiches,Mexican Sandwiches,,₹60,
CSE Block ,Block 34,Protein O Shakes,Sandwiches,Paneer Tikka Sandwiches,,₹70,
CSE Block ,Block 34,Protein O Shakes,Sandwiches,Club Sandwiches,,₹80,
CSE Block ,Block 34,Protein O Shakes,Wraps And Rolls,Tawa Paneer Labab,,₹60,
CSE Block ,Block 34,Protein O Shakes,Wraps And Rolls,Paneer Tikka Roll,,₹70,
CSE Block ,Block 34,Protein O Shakes,Wraps And Rolls,Chilli Paneer Roll,,₹80,
CSE Block ,Block 34,Protein O Shakes,Wraps And Rolls,Soya Chaap Roll,,₹80,
CSE Block ,Block 34,Protein O Shakes,Wraps And Rolls,Veggie Wrap,,₹80,
CSE Block ,Block 34,Protein O Shakes,Wraps And Rolls,Paneer Tikka Wrap,,₹80,
CSE Block ,Block 34,Protein O Shakes,Wraps And Rolls,Mexican Wrap,,₹90,
CSE Block ,Block 34,Protein O Shakes,Soups,Tomato Soup,,₹40,
CSE Block ,Block 34,Protein O Shakes,Soups,Hot & Sour Soup,,₹40,
CSE Block ,Block 34,Protein O Shakes,Soups,Corn Soup,,₹40,
CSE Block ,Block 34,Protein O Shakes,Soups,Lemon Coriander,,₹50,
CSE Block ,Block 34,Protein O Shakes,Addition,Extra Cheese,,₹20,
CSE Block ,Block 34,Protein O Shakes,Addition,Cheese Slice,,₹20,
CSE Block ,Block 34,Protein O Shakes,Addition,Jalpeno,,₹20,
CSE Block ,Block 34,Protein O Shakes,Addition,Extra Sauce,,₹15,
CSE Block ,Block 34,Protein O Shakes,Addition,Mayonnaise,,₹15,
CSE Block ,Block 34,Protein O Shakes,Addition,Schezwan Sauce,,₹15,
CSE Block ,Block 34,Protein O Shakes,Addition,Honey,,₹15,
CSE Block ,Block 34,Talk of the town,Meal,Normal Roti Meal,,75,Dal/Chana Curry + 4 Roti
CSE Block ,Block 34,Talk of the town,Meal,Normal Rice Meal,,75,Dal/Chana Curry + Rice
CSE Block ,Block 34,Talk of the town,Meal,Normal Paratha Meal,,85,Dal/Chana Curry + 3 Paratha
CSE Block ,Block 34,Talk of the town,Meal,Special Roti Meal,,85,Any Gravy + 4 Roti
CSE Block ,Block 34,Talk of the town,Meal,Special Rice Meal,,95,Any Gravy + Rice
CSE Block ,Block 34,Talk of the town,Meal,Special Paratha Meal,,95,Any Gravy + 3 Paratha
CSE Block ,Block 34,Talk of the town,Thali,All-in-One Thali,,120,1 Chana + Paneer Gravy + 3 Roti + Rice
CSE Block ,Block 34,Talk of the town,Rice,Biryani,,70,Hyderabadi Biryani
CSE Block ,Block 34,Talk of the town,Rice,Fried Rice,,70,
CSE Block ,Block 34,Talk of the town,Rice,Gravy + Fried Rice,,90,Paneer Gravy + Fried Rice
CSE Block ,Block 34,Talk of the town,Rice,Pulao Rice,,70,
CSE Block ,Block 34,Talk of the town,Rice,Gravy + Pulao Rice,,90,Paneer Gravy + Pulao Rice
CSE Block ,Block 34,Talk of the town,Rice,Lemon Rice,,60,
CSE Block ,Block 34,Talk of the town,Paratha,Aloo Pyaz Paratha,,35,
CSE Block ,Block 34,Talk of the town,South Indian,Idli Sambar,,60,
CSE Block ,Block 34,Talk of the town,South Indian,Vada Sambar,,60,2 pcs
CSE Block ,Block 34,Talk of the town,Snacks,Pav Bhaji,,70,
CSE Block ,Block 34,Talk of the town,Snacks,Dahi Bhalla,,60,
CSE Block ,Block 34,Talk of the town,Snacks,Samosa,,20,
CSE Block ,Block 34,Talk of the town,Snacks,1 Samosa + Chana,,30,
CSE Block ,Block 34,Talk of the town,Snacks,2 Samosa + Chana,,50,
CSE Block ,Block 34,Talk of the town,Snacks,Bread Pakoda,,20,
CSE Block ,Block 34,Talk of the town,Beverages,Chai,,15,Small/Medium/Large mentioned
CSE Block ,Block 34,Talk of the town,Beverages,Coffee,,30,Medium/Large mentioned
CSE Block ,Block 34,Talk of the town,Beverages,Lassi,,40,
CSE Block ,Block 34,Nepali Swadh,Fries,Salted Fries,,60,
CSE Block ,Block 34,Nepali Swadh,Fries,Peri Peri Fries,,60,
CSE Block ,Block 34,Nepali Swadh,Fries,Tandoori Fries,,80,
CSE Block ,Block 34,Nepali Swadh,Fries,Masala Fries,,60,
CSE Block ,Block 34,Nepali Swadh,Fries,Normal Cheese Fries,,60,
CSE Block ,Block 34,Nepali Swadh,Fries,Cheese Baked Fries,,60,
CSE Block ,Block 34,Nepali Swadh,Fries,Cheese Creamy Fries,,60,
CSE Block ,Block 34,Nepali Swadh,Fries,Tandoori Malai Fries,,60,
CSE Block ,Block 34,Nepali Swadh,Fries,Honey Chilly Potato,,80,
CSE Block ,Block 34,Nepali Swadh,Fries,Chilly Potato,,80,
CSE Block ,Block 34,Nepali Swadh,Thukpa,Veg Thukpa,,50,
CSE Block ,Block 34,Nepali Swadh,Thukpa,Paneer Thukpa,,70,
CSE Block ,Block 34,Nepali Swadh,Thukpa,Mushroom Thukpa,,70,
CSE Block ,Block 34,Nepali Swadh,Thukpa,Sesma Thukpa,,70,
CSE Block ,Block 34,Nepali Swadh,Thukpa,Mix Thukpa,,80,
CSE Block ,Block 34,Nepali Swadh,Noodles,Veg Noodles,,80,
CSE Block ,Block 34,Nepali Swadh,Noodles,Corn Noodles,,70,
CSE Block ,Block 34,Nepali Swadh,Noodles,Keema Noodles,,70,
CSE Block ,Block 34,Nepali Swadh,Noodles,Paneer Noodles,,80,
CSE Block ,Block 34,Nepali Swadh,Noodles,Mushroom Noodles,,80,
CSE Block ,Block 34,Nepali Swadh,Noodles,Mix Noodles,,80,
CSE Block ,Block 34,Nepali Swadh,Noodles,Paneer Chilli Noodles,,80,
CSE Block ,Block 34,Nepali Swadh,Noodles,Manchurian Noodles,,80,
CSE Block ,Block 34,Nepali Swadh,Noodles,Manchurian Chilli Noodles,,80,
CSE Block ,Block 34,Nepali Swadh,Noodles,Mushroom Chilli Noodles,,80,
CSE Block ,Block 34,Nepali Swadh,Garlic Bread,Cheese Corn Garlic Bread,,70,
CSE Block ,Block 34,Nepali Swadh,Garlic Bread,Cheese Garlic Bread,,70,
CSE Block ,Block 34,Nepali Swadh,Garlic Bread,Paneer Garlic Bread,,80,
CSE Block ,Block 34,Nepali Swadh,Garlic Bread,Mushroom Garlic Bread,,80,
CSE Block ,Block 34,Nepali Swadh,Garlic Bread,Onion Capsicum Garlic Bread,,80,
CSE Block ,Block 34,Nepali Swadh,Garlic Bread,Paneer + Mushroom Garlic Bread,,90,
CSE Block ,Block 34,Nepali Swadh,Garlic Bread,Fully Loaded Garlic Bread,,110,
CSE Block ,Block 34,Nepali Swadh,Garlic Bread,Keema Garlic Bread,,80,
CSE Block ,Block 34,Nepali Swadh,Pizza,Cheese Corn Pizza,,80,
CSE Block ,Block 34,Nepali Swadh,Pizza,Onion Capsicum Pizza,,100,
CSE Block ,Block 34,Nepali Swadh,Pizza,Margarita Pizza,,110,
CSE Block ,Block 34,Nepali Swadh,Pizza,Paneer Pizza,,120,
CSE Block ,Block 34,Nepali Swadh,Pizza,Mushrooms Pizza,,120,
CSE Block ,Block 34,Nepali Swadh,Pizza,Paneer + Mushrooms Pizza,,150,
CSE Block ,Block 34,Nepali Swadh,Pizza,Keema Pizza,,100,
CSE Block ,Block 34,Nepali Swadh,Pizza,Fully Loaded Pizza,,150,
CSE Block ,Block 34,Nepali Swadh,Pizza,Pineapple Pizza,,150,
CSE Block ,Block 34,Nepali Swadh,Momo,Veg Steam Momo,,80,
CSE Block ,Block 34,Nepali Swadh,Momo,Fry Momo,,70,
CSE Block ,Block 34,Nepali Swadh,Momo,Kurkure Momo,,80,
CSE Block ,Block 34,Nepali Swadh,Momo,Afghani Momo,,80,
CSE Block ,Block 34,Nepali Swadh,Momo,Tandoori Momo,,80,
CSE Block ,Block 34,Nepali Swadh,Momo,Jhol Momo,,70,
CSE Block ,Block 34,Nepali Swadh,Momo,Chilli Momo,,80,
CSE Block ,Block 34,Nepali Swadh,Momo,Jhol Keema Momo,,80,
CSE Block ,Block 34,Nepali Swadh,Momo,Malai Cheese Momo,,80,
CSE Block ,Block 34,Nepali Swadh,Pasta,Red Pasta,,70,
CSE Block ,Block 34,Nepali Swadh,Pasta,Pink Pasta,,70,
CSE Block ,Block 34,Nepali Swadh,Pasta,White Pasta,,70,
CSE Block ,Block 34,Nepali Swadh,Pasta,Baked Pasta,,90,
CSE Block ,Block 34,Nepali Swadh,Pasta,Mushroom Pasta,,80,
CSE Block ,Block 34,Nepali Swadh,Pasta,Paneer Pasta,,80,
CSE Block ,Block 34,Nepali Swadh,Pasta,Fully Loaded Pasta,,100,
CSE Block ,Block 34,Nepali Swadh,Pasta,Fully Loaded Baked Pasta,,120,
CSE Block ,Block 34,Nepali Swadh,Combo,Noodles + Fries,,80,
CSE Block ,Block 34,Nepali Swadh,Combo,Pasta + Fries,,80,
CSE Block ,Block 34,Nepali Swadh,Combo,Pasta + Honey Chilli,,100,
CSE Block ,Block 34,Nepali Swadh,Combo,Pasta + Noodle,,80,
CSE Block ,Block 34,Nepali Swadh,Combo,Noodle + Honey Chilli,,80,
CSE Block ,Block 34,Nepali Swadh,Combo,Noodle + Garlic Bread,,80,
CSE Block ,Block 34,Nepali Swadh,Combo,Garlic Bread + Fries,,80,
CSE Block ,Block 34,Nepali Swadh,Combo,Garlic Bread + Pasta,,90,
CSE Block ,Block 34,Nepali Swadh,Combo,Garlic Bread + Honey Chilli,,90,
CSE Block ,Block 34,Khao Piyo,Puri Sabji,Aloo Puri Chana with Raita,4 pc,70,
CSE Block ,Block 34,Khao Piyo,Puri Sabji,Aloo Puri Chana with Raita,6 pc,100,
CSE Block ,Block 34,Khao Piyo,Pav Bhaji,Pav Bhaji,4 pc,70,
CSE Block ,Block 34,Khao Piyo,Pav Bhaji,Pav Bhaji,5 pc,80,
CSE Block ,Block 34,Khao Piyo,Vada Pav,Classic Vada Pav,1 pc,40,
CSE Block ,Block 34,Khao Piyo,Vada Pav,Classic Vada Pav,2 pc,70,
CSE Block ,Block 34,Khao Piyo,Vada Pav,Chatpata Vada Pav,1 pc,50,
CSE Block ,Block 34,Khao Piyo,Vada Pav,Chatpata Vada Pav,2 pc,90,
CSE Block ,Block 34,Khao Piyo,Poha,Special Poha,,50,
CSE Block ,Block 34,Khao Piyo,Poha,Dahi Poha,,50,
CSE Block ,Block 34,Khao Piyo,Poha,Chana Poha,,50,
CSE Block ,Block 34,Khao Piyo,Poha,Extra Topping,,10,
CSE Block ,Block 34,Khao Piyo,Momos,Veg Momos,Steam,50,
CSE Block ,Block 34,Khao Piyo,Momos,Veg Momos,Fried,60,
CSE Block ,Block 34,Khao Piyo,Momos,Soya Momos,Steam,50,
CSE Block ,Block 34,Khao Piyo,Momos,Soya Momos,Fried,60,
CSE Block ,Block 34,Khao Piyo,Momos,Paneer Momos,Steam,70,
CSE Block ,Block 34,Khao Piyo,Momos,Paneer Momos,Fried,80,
CSE Block ,Block 34,Khao Piyo,Momos,Kurkure Momos,,80,
CSE Block ,Block 34,Khao Piyo,Chaat,Dahi Papri Chaat,,50,
CSE Block ,Block 34,Khao Piyo,Chaat,Bhel Puri,,50,
CSE Block ,Block 34,Khao Piyo,Chaat,Tikki Chaat,,60,
CSE Block ,Block 34,Khao Piyo,Chaat,Papri Choley Chaat,,50,
CSE Block ,Block 34,Khao Piyo,Chaat,Sweet Corn Chaat,,50,
CSE Block ,Block 34,Khao Piyo,Today's Special,Aloo Puri Raita,4 pcs,80,
CSE Block ,Block 34,Khao Piyo,Today's Special,Chole Puri Raita,,100,
CSE Block ,Block 34,Khao Piyo,Today's Special,Pav Bhaji,4 pcs,70,
CSE Block ,Block 34,Khao Piyo,Today's Special,Pav Bhaji,5 pcs,80,
CSE Block ,Block 34,Funbytes,Sandwich,Veg Sandwich,,80,
CSE Block ,Block 34,Funbytes,Sandwich,Corn Cheese Sandwich,,90,
CSE Block ,Block 34,Funbytes,Sandwich,Potato Sandwich,,90,
CSE Block ,Block 34,Funbytes,Sandwich,Pasta Sandwich,,80,
CSE Block ,Block 34,Funbytes,Sandwich,Paneer Sandwich,,100,
CSE Block ,Block 34,Funbytes,Sandwich,Mushroom Sandwich,,100,
CSE Block ,Block 34,Funbytes,Sandwich,Spl. Sandwich,,120,
CSE Block ,Block 34,Funbytes,Pasta,Creamy White Pasta,,80,
CSE Block ,Block 34,Funbytes,Pasta,Red Sauce Pasta,,80,
CSE Block ,Block 34,Funbytes,Pasta,Mix Pasta,,90,
CSE Block ,Block 34,Funbytes,Pasta,White Baked Pasta,,100,
CSE Block ,Block 34,Funbytes,Pasta,Red Baked Pasta,,100,
CSE Block ,Block 34,Funbytes,Pasta,Paneer Baked Pasta,,120,
CSE Block ,Block 34,Funbytes,Pasta,Mushroom Baked Pasta,,120,
CSE Block ,Block 34,Funbytes,Wrap,Potato Wrap,,70,
CSE Block ,Block 34,Funbytes,Wrap,Veg Corn Wrap,,70,
CSE Block ,Block 34,Funbytes,Wrap,Paneer Wrap,,90,
CSE Block ,Block 34,Funbytes,Wrap,Mushroom Wrap,,90,
CSE Block ,Block 34,Funbytes,Wrap,Pasta Wrap,,80,
CSE Block ,Block 34,Funbytes,Sub/Burger,Potato Burger,,60,
CSE Block ,Block 34,Funbytes,Sub/Burger,Paneer Burger,,70,
CSE Block ,Block 34,Funbytes,Sub/Burger,Mushroom Burger,,70,
CSE Block ,Block 34,Funbytes,Noodles,Veg Noodles,,50,
CSE Block ,Block 34,Funbytes,Noodles,Corns Noodles,,60,
CSE Block ,Block 34,Funbytes,Noodles,Paneer Noodles,,70,
CSE Block ,Block 34,Funbytes,Noodles,Mushroom Noodles,,70,
CSE Block ,Block 34,Funbytes,Noodles,Chilli Garlic Noodles,,80,
CSE Block ,Block 34,Funbytes,Noodles,Mix Noodles,,90,
CSE Block ,Block 34,Funbytes,Noodles,Soupy Noodles,,60,
CSE Block ,Block 34,Funbytes,Potato Items,Salt Fries,,50,
CSE Block ,Block 34,Funbytes,Potato Items,Peri Peri,,60,
CSE Block ,Block 34,Funbytes,Potato Items,Chilli Potato,,80,
CSE Block ,Block 34,Funbytes,Potato Items,Honey Chilli Potato,,80,
CSE Block ,Block 34,Funbytes,Potato Items,Afgani Potato,,80,
CSE Block ,Block 34,Funbytes,Potato Items,Tandoori Potato,,80,
CSE Block ,Block 34,Funbytes,Potato Items,Tandoori Masala Potato,,70,
CSE Block ,Block 34,Funbytes,Momo,Steam Momo,,50,
CSE Block ,Block 34,Funbytes,Momo,Crispy Momo,,60,
CSE Block ,Block 34,Funbytes,Momo,Crunchy Momo,,80,
CSE Block ,Block 34,Funbytes,Momo,Tandoori Momo,,90,
CSE Block ,Block 34,Funbytes,Momo,Afgani Momo,,90,
CSE Block ,Block 34,Funbytes,Pasta Combo,Pasta + Honey Chilli,,110,
CSE Block ,Block 34,Funbytes,Pasta Combo,Pasta + Chilli Potato,,110,
CSE Block ,Block 34,Funbytes,Pasta Combo,Pasta + Momo,,80,
CSE Block ,Block 34,Funbytes,Noodles Combo,Noodles + Momo,,80,
CSE Block ,Block 34,Funbytes,Noodles Combo,Noodles + Honey Chilli,,100,
CSE Block ,Block 34,Funbytes,Noodles Combo,Noodles + Chilli Potato,,100,
CSE Block ,Block 34,Funbytes,Noodles Combo,Noodles + Pasta,,90,
CSE Block ,Block 34,Funbytes,Fries Combo,Fries + Momo,,80,
CSE Block ,Block 34,Funbytes,Fries Combo,Fries + Noodles,,80,
CSE Block ,Block 34,Funbytes,Fries Combo,Fries + Pasta,,90,
CSE Block ,Block 34,Funbytes,Fries Combo,Fries + Honey Chilli,,100,
CSE Block ,Block 34,Funbytes,Fries Combo,Fries + Chilli Potato,,100,
CSE Block ,Block 34,Funbytes,SPLS Combo,Noodles + Honey Chilli + Momo,,120,
CSE Block ,Block 34,Funbytes,SPLS Combo,Noodles + Honey Chilli + Pasta,,130,
CSE Block ,Block 34,Funbytes,SPLS Combo,Noodles + Honey Chilli + Fries,,120,
CSE Block ,Block 34,Funbytes,SPLS Combo,Noodles + Chilli Potato + Momo,,120,
CSE Block ,Block 34,Funbytes,SPLS Combo,Noodles + Chilli Potato + Pasta,,130,
CSE Block ,Block 34,Funbytes,SPLS Combo,Noodles + Chilli Potato + Fries,,120,
CSE Block ,Block 34,Funbytes,SPLS Combo,Noodles + Fries + Pasta,,120,
CSE Block ,Block 34,Funbytes,SPLS Combo,Noodles + Fries + Momo,,110,
CSE Block ,Block 34,Funbytes,SPLS Combo,Honey Chilli + Chilli Potato,,120,
CSE Block ,Block 34,Tandoor Express,CHAAPS,Malai Chaap,,180,
CSE Block ,Block 34,Tandoor Express,CHAAPS,Afghani Chaap,,200,
CSE Block ,Block 34,Tandoor Express,CHAAPS,Tandoori Chaap,,190,
CSE Block ,Block 34,Tandoor Express,CHAAPS,Achari Chaap,,210,
CSE Block ,Block 34,Tandoor Express,CHAAPS,Masala Chaap,,190,
CSE Block ,Block 34,Tandoor Express,CHAAPS,Hariyali Chaap,,200,
CSE Block ,Block 34,Tandoor Express,CHAAPS,Pudina Chaap,,200,
CSE Block ,Block 34,Tandoor Express,CHAAPS,Peri Peri Chaap,,220,
CSE Block ,Block 34,Tandoor Express,CHAAPS,Garlic Chaap,,220,
CSE Block ,Block 34,Tandoor Express,CHAAPS,Schezwan Chaap,,230,
CSE Block ,Block 34,Tandoor Express,CHAAPS,Cheese Chaap,,240,
CSE Block ,Block 34,Tandoor Express,CHAAPS,Stuffed Chaap,,250,
CSE Block ,Block 34,Tandoor Express,CHAAPS,Tangdi Chaap,,240,
,Block 34,Tandoor Express,CHAAPS,Smoky Tandoori Chaap,,250,
CSE Block ,Block 34,Tandoor Express,CHAAPS,Butter Masala Chaap,,260,
CSE Block ,Block 34,Tandoor Express,PANEER TIKKA,Classic Paneer Tikka,,260,
CSE Block ,Block 34,Tandoor Express,PANEER TIKKA,Malai Paneer Tikka,,280,
CSE Block ,Block 34,Tandoor Express,PANEER TIKKA,Hariyali Paneer Tikka,,280,
CSE Block ,Block 34,Tandoor Express,PANEER TIKKA,Achari Paneer Tikka,,290,
CSE Block ,Block 34,Tandoor Express,PANEER TIKKA,Tandoori Paneer Tikka,,270,
CSE Block ,Block 34,Tandoor Express,PANEER TIKKA,Afghani Paneer Tikka,,300,
CSE Block ,Block 34,Tandoor Express,PANEER TIKKA,Peri Peri Paneer Tikka,,300,
CSE Block ,Block 34,Tandoor Express,PANEER TIKKA,Garlic Paneer Tikka,,290,
CSE Block ,Block 34,Tandoor Express,PANEER TIKKA,Cheese Stuffed Paneer Tikka,,340,
CSE Block ,Block 34,Tandoor Express,PANEER TIKKA,Haryali Cheese Paneer Tikka,,330,
CSE Block ,Block 34,Tandoor Express,TANDOOR SPECIALS,Tandoori Mushroom,,240,
CSE Block ,Block 34,Tandoor Express,TANDOOR SPECIALS,Stuffed Mushroom Tikka,,270,
CSE Block ,Block 34,Tandoor Express,TANDOOR SPECIALS,Tandoori Broccoli,,260,
CSE Block ,Block 34,Tandoor Express,TANDOOR SPECIALS,Malai Broccoli,,280,
CSE Block ,Block 34,Tandoor Express,TANDOOR SPECIALS,Tandoori Baby Corn,,220,
CSE Block ,Block 34,Tandoor Express,TANDOOR SPECIALS,Crispy Baby Corn Tandoori,,240,
CSE Block ,Block 34,Tandoor Express,TANDOOR SPECIALS,Tandoori Aloo,,190,
CSE Block ,Block 34,Tandoor Express,TANDOOR SPECIALS,Bharwa Aloo Tandoori,,220,
CSE Block ,Block 34,Tandoor Express,TANDOOR SPECIALS,Veg Seekh Kebab,,240,
CSE Block ,Block 34,Tandoor Express,TANDOOR SPECIALS,Hara Bhara Kebab,,220,
CSE Block ,Block 34,Tandoor Express,TANDOOR SPECIALS,Dahi Ke Kebab,,250,
CSE Block ,Block 34,Tandoor Express,TANDOOR SPECIALS,Tandoori Soya Nuggets,,230,
CSE Block ,Block 34,Tandoor Express,TANDOOR SPECIALS,Veg Platter,,450,
CSE Block ,Block 34,Tandoor Express,TANDOOR SPECIALS,Royal Tandoori Platter,,650,
CSE Block ,Block 34,Tandoor Express,DIPS,Mint Chutney,,20,
CSE Block ,Block 34,Tandoor Express,DIPS,Garlic Mayo,,25,
CSE Block ,Block 34,Tandoor Express,DIPS,Cheese Dip,,35,
CSE Block ,Block 34,Tandoor Express,DIPS,Peri Peri Dip,,30,
CSE Block ,Block 34,Tandoor Express,DIPS,Schezwan Dip,,30,
CSE Block ,Block 36,Canteen_36,,Thali,,90,
CSE Block ,Block 36,Canteen_36,,Special Thali,,110,
CSE Block ,Block 36,Canteen_36,,Dal/Channa/Karhi/Rajmah with Rice,,75,
CSE Block ,Block 36,Canteen_36,,Poori Channa / Kulcha Channa / Channa Bhatura,,75,
CSE Block ,Block 36,Canteen_36,,Paneer Sabzi,,80,
CSE Block ,Block 36,Canteen_36,,Seasonal Dry Veg / Gravy Veg / Dal / Channa / Karhi / Rajmah,,45,
CSE Block ,Block 36,Canteen_36,,Plain Parantha (Without Butter),,20,
CSE Block ,Block 36,Canteen_36,,Stuffed Parantha (Aloo/Gobhi/Onion),,35,
CSE Block ,Block 36,Canteen_36,,Stuffed Paneer Parantha,,50,
CSE Block ,Block 36,Canteen_36,,Veg Biryani,,80,
CSE Block ,Block 36,Canteen_36,,Fried Rice,,80,
CSE Block ,Block 36,Canteen_36,,Plain Dosa / Vada (2 pcs) / Idli (3 pcs),,60,
CSE Block ,Block 36,Canteen_36,,Masala Dosa (Aloo/Onion),,100,
CSE Block ,Block 36,Canteen_36,,Masala Paneer Dosa,,120,
CSE Block ,Block 36,Canteen_36,,Flavoured Rice,,60,
CSE Block ,Block 36,Canteen_36,,Sambar Rice,,60,
CSE Block ,Block 36,Canteen_36,,Samosa,,15,
CSE Block ,Block 36,Canteen_36,,Jumbo Veg / Aloo Sandwich,,40,
CSE Block ,Block 36,Canteen_36,,Jumbo Grilled Sandwich,,70,
CSE Block ,Block 36,Canteen_36,,Patties (Aloo/Paneer),,35,
CSE Block ,Block 36,Canteen_36,,Kachori,,30,
CSE Block ,Block 36,Canteen_36,,Veg Maggi,,50,
CSE Block ,Block 36,Canteen_36,,Poha with Raita,,60,
CSE Block ,Block 36,Canteen_36,,Golgappe (6 pcs),,30,
CSE Block ,Block 36,Canteen_36,,Momos (8 pcs),,60,
CSE Block ,Block 36,Canteen_36,,Sweet Corn (Small),,50,
CSE Block ,Block 36,Canteen_36,,Veggie Burger,,50,
CSE Block ,Block 36,Canteen_36,,Spring Roll (2 pcs),,60,
CSE Block ,Block 36,Canteen_36,,Tikki Matar,,60,
CSE Block ,Block 36,Canteen_36,,Chinese Combo,,90,
CSE Block ,Block 36,Canteen_36,,Nutri Kulcha (2 pcs),,60,
CSE Block ,Block 36,Canteen_36,,Shakes,,40,
CSE Block ,Block 36,Canteen_36,,Lassi (Sweet/Salted),,40,
CSE Block ,Block 36,Canteen_36,,Tea,,15,
CSE Block ,Block 36,Canteen_36,,Coffee,,30,
CSE Block ,Block 36,Canteen_36,,Cold Coffee,,40,
CSE Block ,Block 36,Canteen_36,,Milk Badam,,50,
CSE Block ,Block 36,Canteen_36,,Chapati,,8,
Boys Hostel,BH1,Cafe D Vibes,,Fajita Burrito,Regular,60,
Boys Hostel,BH1,Cafe D Vibes,,Cheesy Potato Burrito,Regular,70,
Boys Hostel,BH1,Cafe D Vibes,,Corn and Cheese Burrito,Regular,80,
Boys Hostel,BH1,Cafe D Vibes,,Fajita Burrito Bowl,Regular,80,
Boys Hostel,BH1,Cafe D Vibes,,Fajita Taco,Regular,50,
Boys Hostel,BH1,Cafe D Vibes,,Cheesy Potato Taco,Regular,70,
Boys Hostel,BH1,Cafe D Vibes,,Corn and Cheese Taco,Regular,80,
Boys Hostel,BH1,Cafe D Vibes,,Fajita Taco,Regular,80,
Boys Hostel,BH1,Cafe D Vibes,,Fajita Quesadilla,Regular,60,
Boys Hostel,BH1,Cafe D Vibes,,Cheesy Potato Quesadilla,Regular,70,
Boys Hostel,BH1,Cafe D Vibes,,Corn and Cheese Quesadilla,Regular,80,
Boys Hostel,BH1,Cafe D Vibes,,Fajita Quesadilla,Regular,80,
Boys Hostel,BH1,Cafe D Vibes,,Classic Veg Dumplings,Regular,60,
Boys Hostel,BH1,Cafe D Vibes,,Veg and Paneer Dumplings,Regular,70,
Boys Hostel,BH1,Cafe D Vibes,,Cheesy Spring Roll,Regular,60,
Boys Hostel,BH1,Cafe D Vibes,,Simply Veg Pav Bhaji,Regular,50,
Boys Hostel,BH1,Cafe D Vibes,,Cheese Pav Bhaji,Regular,80,
Boys Hostel,BH1,Cafe D Vibes,,Peri Peri Seasoned Fries,Regular,60,
Boys Hostel,BH1,Cafe D Vibes,,Lemon Pepper Fries,Regular,70,
Boys Hostel,BH1,Cafe D Vibes,,Chilli Garlic Fries,Regular,70,
Boys Hostel,BH1,Cafe D Vibes,,Loaded Cheese Jalapeno Fries,Regular,80,
Boys Hostel,BH1,Cafe D Vibes,,Loaded Mix Sauce Fries,Regular,90,
Boys Hostel,BH1,Cafe D Vibes,,Peri Peri Loaded Cheesy Fries,Regular,70,
Boys Hostel,BH1,Cafe D Vibes,,Lemon Pepper Loaded Fries,Regular,70,
Boys Hostel,BH1,Cafe D Vibes,,Chilli Garlic Loaded Fries,Regular,70,
Boys Hostel,BH1,Cafe D Vibes,,Loaded Cheesy Jalapeno Fries,Regular,80,
Boys Hostel,BH1,Cafe D Vibes,,Veggie Nuggets,Regular,60,
Boys Hostel,BH1,Cafe D Vibes,,Garlic Potato Shots,Regular,70,
Boys Hostel,BH1,Cafe D Vibes,,Veggie Fingers,Regular,70,
Boys Hostel,BH1,Cafe D Vibes,,Dry and Sprinkled V Crispers,Regular,70,
Boys Hostel,BH1,Cafe D Vibes,,V Crispers with Gravy,Regular,80,
Boys Hostel,BH1,Cafe D Vibes,,Samosa,Regular,30,
Boys Hostel,BH1,Cafe D Vibes,,Samosa (Pizza/Jalapeno/Corn),Regular,80,
Boys Hostel,BH1,Cafe D Vibes,,Buttery Salted Popcorn,Regular,50,
Boys Hostel,BH1,Cafe D Vibes,,Peri Peri Popcorn,Regular,60,
Boys Hostel,BH1,Cafe D Vibes,,Cheesy Popcorn,Regular,60,
Boys Hostel,BH1,Cafe D Vibes,,Lemon Pepper Popcorn,Regular,60,
Boys Hostel,BH1,Cafe D Vibes,,Magic Masala Popcorn,Regular,60,
Boys Hostel,BH1,Cafe D Vibes,,Club Sandwich,Regular,60,
Boys Hostel,BH1,Cafe D Vibes,,Spicy Cheese Corn Sandwich,Regular,70,
Boys Hostel,BH1,Cafe D Vibes,,Crunchy Veggie Sandwich,Regular,70,
Boys Hostel,BH1,Cafe D Vibes,,Ultimate Veg Delight Burger,Regular,50,
Boys Hostel,BH1,Cafe D Vibes,,The Tandoori Paneer Burger,Regular,70,
Boys Hostel,BH1,Cafe D Vibes,,Veggie Marvel Burger,Regular,80,
Boys Hostel,BH1,Cafe D Vibes,,Burger with the Vibes,Regular,80,
Boys Hostel,BH1,Cafe D Vibes,,The Cheat Code,Regular,70,
Boys Hostel,BH1,Cafe D Vibes,Drinkology,Plain Crazy Beaten Coffee,Regular,40,
Boys Hostel,BH1,Cafe D Vibes,Drinkology,Vanilla Crazy Beaten Coffee,Regular,50,
Boys Hostel,BH1,Cafe D Vibes,Drinkology,Irish Crazy Beaten Coffee,Regular,50,
Boys Hostel,BH1,Cafe D Vibes,Drinkology,Hazelnut Crazy Beaten Coffee,Regular,50,
Boys Hostel,BH1,Cafe D Vibes,Drinkology,Mocha Crazy Beaten Coffee,Regular,50,
Boys Hostel,BH1,Cafe D Vibes,Drinkology,The Beaten Cold Coffee,Regular,60,
Boys Hostel,BH1,Cafe D Vibes,Drinkology,The Ultimate Chocolate Shake,Regular,80,
Boys Hostel,BH1,Cafe D Vibes,Drinkology,Banoffee Pie Shake,Regular,80,
Boys Hostel,BH1,Cafe D Vibes,Drinkology,Nutella Peanut Butter Shake,Regular,80,
Boys Hostel,BH1,Cafe D Vibes,Drinkology,Popstar Popcorn Shake,Regular,80,
Boys Hostel,BH1,Cafe D Vibes,Drinkology,Boom Boom Bubblegum Shake,Regular,80,
Boys Hostel,BH1,Cafe D Vibes,Drinkology,Cotton Candy Shake,Regular,80,
Boys Hostel,BH1,Cafe D Vibes,Drinkology,Sacred Mojito,Regular,60,
Boys Hostel,BH1,Cafe D Vibes,Drinkology,Paandaar Mojito,Regular,70,
Boys Hostel,BH1,Cafe D Vibes,Drinkology,Refreshing Cucumber Mojito,Regular,70,
Boys Hostel,BH1,Cafe D Vibes,Drinkology,Watermelon Mojito,Regular,70,
Boys Hostel,BH1,Cafe D Vibes,Drinkology,Berry Piya Mojito,Regular,70,
Boys Hostel,BH1,Cafe D Vibes,Drinkology,The Great India Masala Soda,Regular,50,
Boys Hostel,BH1,Cafe D Vibes,Drinkology,Apple Beetroot and Carrot Lemonade,Regular,60,
Boys Hostel,BH1,Cafe D Vibes,Drinkology,Delhi Ka Mash Hoor Jeera Soda,Regular,60,
Boys Hostel,BH1,Cafe D Vibes,Drinkology,Chocolate Waffle,Regular,60,
Food Square,Block 8,Biryani House,,BH Chicken Rice,,150,
Food Square,Block 8,Biryani House,,BH Dum Chicken Biryani,,169,
Food Square,Block 8,Biryani House,,BH Andhra Fry Chicken Biryani,,169,
Food Square,Block 8,Biryani House,,BH Pakoda Biryani,,169,
Food Square,Block 8,Biryani House,,BH Special Chicken Biryani,,199,
Food Square,Block 8,Biryani House,,BH Mughali Chicken Biryani,,199,
Food Square,Block 8,Biryani House,,BH Chicken Lollipop Biryani (2 PCS),,239,
Food Square,Block 8,Biryani House,,BH Chicken 65 Biryani,,259,
Food Square,Block 8,Biryani House,,BH Mutton Biryani (Only Wednesday),,349,
Food Square,Block 8,Biryani House,,Extra Mayonnaise,,25,
Food Square,Block 8,Biryani House,,BH Chilli Chicken,,219,
Food Square,Block 8,Biryani House,,BH Lemon Chicken,,219,
Food Square,Block 8,Biryani House,,BH Chicken 65,,219,
Food Square,Block 8,Biryani House,,BH Garlic Chicken,,239,
Food Square,Block 8,Biryani House,,BH RR Chicken,,239,
Food Square,Block 8,Biryani House,,BH Chicken Lollipop (4 PCS),,249,
Food Square,Block 8,Biryani House,,BH Dragon Chicken,,259,
Food Square,Block 8,Biryani House,,BH Egg Fried Rice,,139,
Food Square,Block 8,Biryani House,,BH Double Egg Fried Rice,,159,
Food Square,Block 8,Biryani House,,BH Chicken Fried Rice,,169,
Food Square,Block 8,Biryani House,,BH Double Egg Chicken Fried Rice,,199,
Food Square,Block 8,Biryani House,,Small (250 gm),,129,
Food Square,Block 8,Biryani House,,Medium (500 gm),,259,
Food Square,Block 8,Biryani House,,Large (1000 gm),,519,
Food Square,Block 8,Biryani House,,BH Chicken Mandi Juicy,,259,
Food Square,Block 8,Biryani House,,BH Chicken Mandi Fry,,249,
Food Square,Block 8,Biryani House,,BH Chicken Mandi Juicy,,259,
Food Square,Block 8,Biryani House,,BH Chicken Mandi Fry,,249,
Food Square,Block 8,Biryani House,,BH Chicken Rice,,150,
Food Square,Block 8,Biryani House,,BH Dum Chicken Biryani,,169,
Food Square,Block 8,Biryani House,,BH Andhra Fry Chicken Biryani,,169,
Food Square,Block 8,Biryani House,,BH Pakoda Biryani,,169,
Food Square,Block 8,Biryani House,,BH Special Chicken Biryani,,199,
Food Square,Block 8,Biryani House,,BH Mughali Chicken Biryani,,199,
Food Square,Block 8,Biryani House,,BH Chicken Lollipop Biryani (2 PCS),,239,
Food Square,Block 8,Biryani House,,BH Chicken 65 Biryani,,259,
Food Square,Block 8,Biryani House,,BH Mutton Biryani (Only Wednesday),,349,
Food Square,Block 8,Biryani House,,Extra Mayonaise,,25,
Food Square,Block 8,Biryani House,,BH Chilli Chicken,,219,
Food Square,Block 8,Biryani House,,BH Lemon Chicken,,219,
Food Square,Block 8,Biryani House,,BH Chicken 65,,219,
Food Square,Block 8,Biryani House,,BH Garlic Chicken,,239,
Food Square,Block 8,Biryani House,,BH RR Chicken,,239,
Food Square,Block 8,Biryani House,,BH Chicken Lollipop (4 PCS),,249,
Food Square,Block 8,Biryani House,,BH Dragon Chicken,,259,
Food Square,Block 8,Biryani House,,BH Egg Fried Rice,,139,
Food Square,Block 8,Biryani House,,BH Double Egg Fried Rice,,159,
Food Square,Block 8,Biryani House,,BH Chicken Fried Rice,,169,
Food Square,Block 8,Biryani House,,BH Double Egg Chicken Fried Rice,,199,
Food Square,Block 8,Biryani House,,Small (250 gm),,129,
Food Square,Block 8,Biryani House,,Medium (500 gm),,259,
Food Square,Block 8,Biryani House,,Large (1000 gm),,519,
Uni-Hospital,CC,Wow Momo,Steamed Momo,Veg Pahari Campus Momo,,60,
Uni-Hospital,CC,Wow Momo,Steamed Momo,Veg Feast Campus Momo,,80,
Uni-Hospital,CC,Wow Momo,Steamed Momo,Veg Darjeeling Campus Momo,,100,
Uni-Hospital,CC,Wow Momo,Steamed Momo,Corn & Cheese Campus Momo,,130,
Uni-Hospital,CC,Wow Momo,Fried Momo,Fried Momo,,140,
Uni-Hospital,CC,Wow Momo,Panfried Momo,Panfried Momo,,150,
Uni-Hospital,CC,Wow Momo,Kurkure Momo,Veg Hot Garlic Campus Momo,,130,
Uni-Hospital,CC,Wow Momo,Kurkure Momo,Paneer Masala Campus Momo,,150,
Uni-Hospital,CC,Wow Momo,Chilli Momo,Campus Veg Darjeeling Chilli Momo,,170,
Uni-Hospital,CC,Wow Momo,Chilli Momo,Campus Corn & Cheese Chilli Momo,,200,
Uni-Hospital,CC,Wow Momo,Moburg,Veggie Moburg,,90,
Uni-Hospital,CC,Wow Momo,Moburg,Cheesy Veggie Moburg,,120,
Uni-Hospital,CC,Wow Momo,Moburg,Corn Cheese Moburg,,140,
Uni-Hospital,CC,Wow Momo,WOW Bowls (Momo),Campus Chilli Garlic Rice + Veg Manchurian,,170,
Uni-Hospital,CC,Wow Momo,WOW Bowls (Momo),Campus Fried Rice + Chilli Paneer,,180,
Uni-Hospital,CC,Wow Momo,WOW Bowls (Veg),Chilli Garlic Noodles with Veg Manchurian,,210,
Uni-Hospital,CC,Wow Momo,WOW Bowls (Veg),Hot Garlic Noodles with Chilli Paneer,,210,
Uni-Hospital,CC,Wow Momo,WOW Bowls (Veg),Chilli Garlic Rice with Veg Manchurian,,250,
Uni-Hospital,CC,Wow Momo,WOW Bowls (Veg),Veggie Fried Rice with Chilli Paneer,,220,
Uni-Hospital,CC,Wow Momo,Value Bowls (Veg),Veg Chowmein,,100,
Uni-Hospital,CC,Wow Momo,Value Bowls (Veg),Veggie Fried Rice with Chilli Paneer,,170,
Uni-Hospital,CC,Wow Momo,Value Bowls (Veg),Veg Hakka Noodles with Veg Manchurian,,120,
Uni-Hospital,CC,Wow Momo,Chinese Thali (Veg),Fried Rice Veg Manchurian & Veg Cheesy Roll & Kimchi,,200,
Uni-Hospital,CC,Wow Momo,Chinese Thali (Veg),Hakka Noodles & Chilli Paneer & Veg Cheesy Roll & Kimchi,,200,
Uni-Hospital,CC,Wow Momo,Chinese Thali (Veg),Fried Rice Exotic Veg in Hot Garlic Sauce & Veg Cheesy Roll & Kimchi,,200,
Uni-Hospital,CC,Wow Momo,Sizzler Rice,Veggie Overloaded Sizzler Rice,,350,
Uni-Hospital,CC,Wow Momo,Sizzler Rice,Veggie & Paneer Wow Sizzler Rice,,380,
Uni-Hospital,CC,Wow Momo,Sizzler Noodles,Veggie Overloaded Sizzler Noodles,,350,
Uni-Hospital,CC,Wow Momo,Sizzler Noodles,Veggie & Paneer Wow Cheesy Sizzler Noodles,,380,
Uni-Hospital,CC,Wow Momo,Rice/Noodles (Veg),Veggie Fried Rice Regular,,200,
Uni-Hospital,CC,Wow Momo,Rice/Noodles (Veg),Veggie Rice in Hot Garlic Sauce,,230,
Uni-Hospital,CC,Wow Momo,Rice/Noodles (Veg),Veggie Rice in Schewan Sauce,,250,
Uni-Hospital,CC,Wow Momo,Rice/Noodles (Veg),Veggie Rice in Chilli Garlic Sauce,,250,
Uni-Hospital,CC,Wow Momo,Rice/Noodles (Veg),Veg Triple Schezwan Fried Rice,,280,
Uni-Hospital,CC,Wow Momo,Rice/Noodles (Veg),Veggie Noodles in Chilli Garlic,,250,
Uni-Hospital,CC,Wow Momo,Rice/Noodles (Veg),Veggie Hakka Noodles,,200,
Uni-Hospital,CC,Wow Momo,Rice/Noodles (Veg),Veggie Noodles in Hot Garlic Sauce,,230,
Uni-Hospital,CC,Wow Momo,Rice/Noodles (Veg),Veggie Noodles in Schezwan Sauce,,250,
Uni-Hospital,CC,Wow Momo,Starters (Veg),Honey Chilli Potato Veg,,240,
Uni-Hospital,CC,Wow Momo,Starters (Veg),Chilly Paneer Dry,,290,
Uni-Hospital,CC,Wow Momo,Starters (Veg),Chinese Bhel Tangy Tangra Style,,190,
Uni-Hospital,CC,Wow Momo,Starters (Veg),Gobi Manchurian Veg,,240,
Uni-Hospital,CC,Wow Momo,Starters (Veg),Shanghai Spring Roll Veg,,250,
Uni-Hospital,CC,Wow Momo,Starters (Veg),Crispy Chilli Baby Corn,,280,
Uni-Hospital,CC,Wow Momo,Starters (Veg),Paneer in Sweet Chilli Sauce,,300,
Uni-Hospital,CC,Wow Momo,Starters (Veg),Chilli Cheese Stuffed Mushroom,,340,
Uni-Hospital,CC,Wow Momo,Starters (Veg),Stir Fried Vegetable,,300,
Uni-Hospital,CC,Wow Momo,Soups (Veg),Veg Sweet Corn Soup,,170,
Uni-Hospital,CC,Wow Momo,Soups (Veg),Veg Manchow Soup,,180,
Uni-Hospital,CC,Wow Momo,Soups (Veg),Veg Hot & Sour Soup,,180,
Uni-Hospital,CC,Wow Momo,Soups (Veg),Veg Tom Yum Soup,,180,
Uni-Hospital,CC,Wow Momo,Combo + French Fries,4pcs Veg Pahari Campus Momo + Coke + French Fries,,130,
Uni-Hospital,CC,Wow Momo,Combo + French Fries,4pcs Veg Darjeeling Campus Momo + Coke + French Fries,,150,
Uni-Hospital,CC,Wow Momo,Combo + French Fries,4pcs Corn & Cheese Campus Momo + Coke + French Fries,,180,
Uni-Hospital,CC,Wow Momo,Campus Momo + Coke + Moburg,4pcs Veg Pahari Campus Momo + Coke + Moburg,,100,
Uni-Hospital,CC,Wow Momo,Campus Momo + Coke + Moburg,4pcs Veggie Darjeeling Campus Momo + Coke + Moburg,,150,
Uni-Hospital,CC,Wow Momo,Campus Momo + Coke + Moburg,4pcs Corn & Cheese Campus Momo + Coke + Moburg,,180,
Uni-Hospital,CC,Wow Momo,Momo Dessert,Chocolate Momo (1 pc),,60,
Uni-Hospital,CC,Wow Momo,Momo Dessert,Chocolate Momo Platter,,200,
Uni-Hospital,CC,Wow Momo,Desserts,Gulab Jamun 1 pc,,40,
Uni-Hospital,CC,Wow Momo,Desserts,Gulab Jamun 2 pcs,,80,
Uni-Hospital,CC,Wow Momo,Desserts,Rasmalai 1 pc,,60,
Uni-Hospital,CC,Wow Momo,Desserts,Rasmalai 2 pcs,,120,
Uni-Hospital,CC,Wow Momo,Thunderzz,Wow Thunderzz Green Apple,,120,
Uni-Hospital,CC,Wow Momo,Thunderzz,Wow Thunderzz Orange,,120,
Uni-Hospital,CC,Wow Momo,Thunderzz,Wow Thunderzz Virgin,,120,
Uni-Hospital,CC,Wow Momo,Thunderzz,Wow Thunderzz,,120,
Uni-Hospital,CC,Wow Momo,Thunderzz,Watermelon Mojito,,120,
Uni-Hospital,CC,Wow Momo,Beverage (China Section),Mineral Water,,40,
Uni-Hospital,CC,Wow Momo,Beverage (China Section),Mineral Water (small),,20,
Uni-Hospital,CC,Wow Momo,Beverage (China Section),7Up PET Bottle,,50,
Uni-Hospital,CC,Wow Momo,Beverage (China Section),7Up Can,,50,
Uni-Hospital,CC,Wow Momo,Beverage (China Section),Coke Can,,50,
Uni-Hospital,CC,Wow Momo,Beverage (China Section),Coolberg Ginger,,120,
Uni-Hospital,CC,Wow Momo,Beverage (China Section),Coolberg Peach,,120,
Uni-Hospital,CC,Wow Momo,Beverage (China Section),Coolberg Cranberry,,120,
Uni-Hospital,CC,Wow Momo,Beverage (China Section),Cheese Dip,,20,
Uni-Hospital,CC,Wow Momo,Beverage (China Section),Mayo Dip,,20,
Uni-Hospital,CC,Wow Momo,Beverage (China Section),Coco Charge,,90,
Uni-Hospital,CC,Wow Momo,Beverage (China Section),Red Bull,,180,
Uni-Hospital,CC,Wow Momo,Beverage (China Section),Red Bull Sugar Free,,180,
Uni-Hospital,CC,Shawok,,Classic Shawaya,,160,
Uni-Hospital,CC,Shawok,,Masala Shawaya,,170,
Uni-Hospital,CC,Shawok,,Peri-Peri,,180,
Uni-Hospital,CC,Shawok,,Classic,,150,
Uni-Hospital,CC,Shawok,,BBQ,,160,
Uni-Hospital,CC,Shawok,,Hot & Spicy,,170,
Uni-Hospital,CC,Shawok,,Kuboos,,15,
Uni-Hospital,CC,Shawok,,Rice,,60,
Uni-Hospital,CC,Shawok,,Classic,,70,
Uni-Hospital,CC,Shawok,,Classic,,80,
Uni-Hospital,CC,Shawok,,Loaded V2,,170,
Uni-Hospital,CC,Shawok,,Loaded V2,,180,
Uni-Hospital,CC,Shawok,,Ultimate Loaded,,210,
Uni-Hospital,CC,Shawok,,Ultimate Loaded,,220,
Uni-Hospital,CC,Shawok,,Veggie Blast,,180,
Uni-Hospital,CC,Shawok,,Veggie Blast,,190,
Uni-Hospital,CC,Shawok,,2 PC Fried Chicken,,150,
Uni-Hospital,CC,Shawok,,Mayo,,10,
Uni-Hospital,CC,Shawok,,Zinger Wrap,,110,
Uni-Hospital,CC,Shawok,,Zinger Wrap,,120,
Uni-Hospital,CC,Shawok,,Shawaya Wrap,,130,
Uni-Hospital,CC,Shawok,,Shawaya Wrap,,140,
Uni-Hospital,CC,Bokkitokki,MOMOS (Kurkure 6pc / Fried 7pc / Steam 8pc),Nutri Momo,,70,
Uni-Hospital,CC,Bokkitokki,MOMOS (Kurkure 6pc / Fried 7pc / Steam 8pc),Mix Veg Momo,,70,
Uni-Hospital,CC,Bokkitokki,MOMOS (Kurkure 6pc / Fried 7pc / Steam 8pc),Paneer Pop Momo,,90,
Uni-Hospital,CC,Bokkitokki,MOMOS (Kurkure 6pc / Fried 7pc / Steam 8pc),Cheesy Corn Momo,,100,
Uni-Hospital,CC,Bokkitokki,GRAVY MOMO,Spicy Chilly Momo,,90,
Uni-Hospital,CC,Bokkitokki,GRAVY MOMO,Tandoori Gravy Momo,,90,
Uni-Hospital,CC,Bokkitokki,GRAVY MOMO,Peanut Jhol Momo,,90,
Uni-Hospital,CC,Bokkitokki,GRAVY MOMO,Malai Creamy Momo,,90,
Uni-Hospital,CC,Bokkitokki,GRAVY MOMO,Special Makhni Momo,,90,
Uni-Hospital,CC,Bokkitokki,RAMYUN,Veg Ramen Bowl (Soupy),,70,
Uni-Hospital,CC,Bokkitokki,RAMYUN,Chilly Oil Ramen (Dry),,70,
Uni-Hospital,CC,Bokkitokki,RAMYUN,Kimchi Kick Ramen (Dry),,70,
Uni-Hospital,CC,Bokkitokki,RAMYUN,Momo Love Ramen (Soupy),,90,
Uni-Hospital,CC,Bokkitokki,SPRING ROLLS,Veg Spring Rolls,,70,
Uni-Hospital,CC,Bokkitokki,SPRING ROLLS,Noodle Spring Rolls,,70,
Uni-Hospital,CC,Bokkitokki,SPRING ROLLS,Cheese & Corn Spring Rolls,,90,
Uni-Hospital,CC,Bokkitokki,TTEOKBOKKI,Gochujang Seoul Tteok,,130,
Uni-Hospital,CC,Bokkitokki,TTEOKBOKKI,Super Cheesy Tteok,,150,
Uni-Hospital,CC,Bokkitokki,TTEOKBOKKI,Makhni Fry Tteok,,150,
Uni-Hospital,CC,Bokkitokki,RABOKKI,RaBokki (Ramyun + Tteokbokki),,130,
Uni-Hospital,CC,Bokkitokki,CORN DOG / KIMCHI FRIES,Corn Dog,,100,
Uni-Hospital,CC,Bokkitokki,CORN DOG / KIMCHI FRIES,Kimchi Fries,,80,
Uni-Hospital,CC,Bokkitokki,LAPHINGS,Wai Wai Laphing,,80,
Uni-Hospital,CC,Bokkitokki,LAPHINGS,Wai Wai Laphing Soup,,90,
Uni-Hospital,CC,Bokkitokki,GIMBAP / SUSHI,Veg Gimbap,,100,
Uni-Hospital,CC,Bokkitokki,GIMBAP / SUSHI,Crispy Patty Gimbap,,130,
Uni-Hospital,CC,Bokkitokki,GIMBAP / SUSHI,Crispy Paneer Gimbap,,150,
Uni-Hospital,CC,Bokkitokki,BOBA TEA,Peach Boba,,80,
Uni-Hospital,CC,Bokkitokki,BOBA TEA,Taro Milk Boba Tea,,80,
Uni-Hospital,CC,Bokkitokki,BOBA TEA,Cold Coffee Boba,,80,
Uni-Hospital,CC,Bokkitokki,BOBA TEA,Hazelnut Cold Coffee Boba,,90,
Uni-Hospital,CC,Bokkitokki,MATCHA TEA,Matcha Latte Love,,100,
Uni-Hospital,CC,Bokkitokki,MATCHA TEA,Taro Milk Matcha,,110,
Uni-Hospital,CC,Bokkitokki,MATCHA TEA,Strawberry Matcha Crush,,110,
Uni-Hospital,CC,Bokkitokki,MOJITO,Green Apple Mojito,,60,
Uni-Hospital,CC,Bokkitokki,MOJITO,Virgin Mojito,,60,
Uni-Hospital,CC,Bokkitokki,MOJITO,Blue Lemonade Mojito,,60,
Uni-Hospital,CC,Bokkitokki,MOJITO,Peach Iced Tea,,60,
Uni-Hospital,CC,Bokkitokki,MOJITO,Strawberry Mojito,,60,
Uni-Hospital,CC,Bokkitokki,EXTRAS,Chilly Oil,,5,
Uni-Hospital,CC,Bokkitokki,EXTRAS,Kimchi,,5,
Uni-Hospital,CC,Bokkitokki,EXTRAS,Cheese Slice,,10,
Uni-Hospital,CC,ChineseCafe,FRY POTATOES,Honey Chilly,,70,
Uni-Hospital,CC,ChineseCafe,FRY POTATOES,Chilly Potato,,70,
Uni-Hospital,CC,ChineseCafe,FRY POTATOES,Peri Peri Fries,,70,
Uni-Hospital,CC,ChineseCafe,FRY POTATOES,Salted Fries,,60,
Uni-Hospital,CC,ChineseCafe,FRY POTATOES,Cheese Fries,,100,
Uni-Hospital,CC,ChineseCafe,FRY POTATOES,Loaded Fries,,120,
Uni-Hospital,CC,ChineseCafe,FRY POTATOES,Spring Potato,,50,
Uni-Hospital,CC,ChineseCafe,INDO-CHINESE DISHES,Paneer Manchurian,,100,
Uni-Hospital,CC,ChineseCafe,INDO-CHINESE DISHES,Manchurian - Dry/Gravy,,80,
Uni-Hospital,CC,ChineseCafe,INDO-CHINESE DISHES,Gobhi Chilly,,80,
Uni-Hospital,CC,ChineseCafe,INDO-CHINESE DISHES,Cheese Chilly Dry/Gravy,,100,
Uni-Hospital,CC,ChineseCafe,INDO-CHINESE DISHES,Mushroom Chilly,,100,
Uni-Hospital,CC,ChineseCafe,COMBO,Noodles + Honey Chilly,,100,
Uni-Hospital,CC,ChineseCafe,COMBO,Noodles + Chilly Potato,,100,
Uni-Hospital,CC,ChineseCafe,COMBO,Noodles + Manchurian,,110,
Uni-Hospital,CC,ChineseCafe,COMBO,Noodles + Cheese Chilly,,130,
Uni-Hospital,CC,ChineseCafe,COMBO,Noodles + Fries,,90,
Uni-Hospital,CC,ChineseCafe,COMBO,Noodles + Mushroom Chilly,,120,
Uni-Hospital,CC,ChineseCafe,COMBO,Veg Platter (Veg Momos + Veg Noodles + Manchurian),,120,
Uni-Hospital,CC,ChineseCafe,COMBO,Deluxe Platter (Paneer Momos + Paneer Noodles + Paneer Chilly),,150,
Uni-Hospital,CC,ChineseCafe,NOODLES,Veg Noodles,,60,
Uni-Hospital,CC,ChineseCafe,NOODLES,Schezwan Noodles,,70,
Uni-Hospital,CC,ChineseCafe,NOODLES,Mushroom Noodles,,80,
Uni-Hospital,CC,ChineseCafe,NOODLES,Paneer Noodles,,80,
Uni-Hospital,CC,ChineseCafe,NOODLES,Green Chilli Noodles,,80,
Uni-Hospital,CC,ChineseCafe,NOODLES,Sweet Corn Noodles,,80,
Uni-Hospital,CC,ChineseCafe,NOODLES,Hakka Noodles,,100,
Uni-Hospital,CC,ChineseCafe,NOODLES,Singapori Noodles,,100,
Uni-Hospital,CC,ChineseCafe,NOODLES,South Indian Noodles,,80,
Uni-Hospital,CC,ChineseCafe,NOODLES,Manchurian Corn Noodles,,90,
Uni-Hospital,CC,ChineseCafe,NOODLES,Peri-Peri Noodles,,80,
Uni-Hospital,CC,ChineseCafe,MOMOS (8pc),Veg Steam Momos,,60,
Uni-Hospital,CC,ChineseCafe,MOMOS (8pc),Veg Kurkure Momos,,70,
Uni-Hospital,CC,ChineseCafe,MOMOS (8pc),Peri Peri Kurkure Momos,,80,
Uni-Hospital,CC,ChineseCafe,MOMOS (8pc),Paneer Steam Momos,,80,
Uni-Hospital,CC,ChineseCafe,MOMOS (8pc),Paneer Kurkure Momos,,90,
Uni-Hospital,CC,ChineseCafe,MOMOS (8pc),Veg Gravy Momos,,100,
Uni-Hospital,CC,ChineseCafe,MOMOS (8pc),Malai Momos,,100,
Uni-Hospital,CC,ChineseCafe,MOMOS (8pc),Tandoori Momos,,100,
Uni-Hospital,CC,ChineseCafe,MOMOS (8pc),Special Pan Fried Momos,,100,
Uni-Hospital,CC,ChineseCafe,MOMOS (8pc),Paneer Gravy Momos,,120,
Uni-Hospital,CC,ChineseCafe,SPRING ROLL,Veg Spring Roll,,70,
Uni-Hospital,CC,ChineseCafe,SPRING ROLL,Paneer Spring Roll,,90,
Uni-Hospital,CC,ChineseCafe,SPRING ROLL,Chinese Roll,,80,
Uni-Hospital,CC,ChineseCafe,SPRING ROLL,Malai Spring Roll,,100,
Uni-Hospital,CC,ChineseCafe,SNACKS,Poha,,40,
Uni-Hospital,CC,ChineseCafe,SNACKS,Aloo Patties,,25,
Uni-Hospital,CC,ChineseCafe,SNACKS,Paneer Patties,,35,
Uni-Hospital,CC,ChineseCafe,SNACKS,Ragda Patties,,35,
Uni-Hospital,CC,ChineseCafe,SNACKS,Aloo Samosa,,20,
Uni-Hospital,CC,ChineseCafe,SNACKS,Channa Samosa,,60,
Uni-Hospital,CC,ChineseCafe,SNACKS,Noodles Samosa,,25,
Uni-Hospital,CC,ChineseCafe,SNACKS,Cheese Chilly Samosa,,30,
Uni-Hospital,CC,ChineseCafe,SNACKS,Macroni Samosa,,25,
Uni-Hospital,CC,ChineseCafe,SNACKS,Onion Rings,,60,
Uni-Hospital,CC,Protein House,Salads,Lemon Salad,,80,
Uni-Hospital,CC,Protein House,Salads,Cream Salad,,80,
Uni-Hospital,CC,Protein House,Salads,Steam Corn,,50,
Uni-Hospital,CC,Protein House,Salads,Steam Bean,,50,
Uni-Hospital,CC,Protein House,Salads,Russian Salad,,80,
Uni-Hospital,CC,Protein House,Salads,Mexican Salad,,80,
Uni-Hospital,CC,Protein House,Salads,Hearty Vegan,,180,
Uni-Hospital,CC,Protein House,Salads,Steam Veggies,,50,
Uni-Hospital,CC,Protein House,Salads,Sprouts Salad,,50,
Uni-Hospital,CC,Protein House,Salads,Sweet Potato,,50,
Uni-Hospital,CC,Protein House,Salads,Crusher Soya,,40,
Uni-Hospital,CC,Protein House,Wrap,Tofu Wrap,,60,
Uni-Hospital,CC,Protein House,Wrap,Keema Wrap,,70,
Uni-Hospital,CC,Protein House,Wrap,Beans Wrap,,70,
Uni-Hospital,CC,Protein House,Wrap,Corns Wrap,,70,
Uni-Hospital,CC,Protein House,Wrap,Vegan Wrap,,80,
Uni-Hospital,CC,Protein House,Wrap,Paneer Wrap,,80,
Uni-Hospital,CC,Protein House,Grill Sandwich,Grill Sandwich,,35,
Uni-Hospital,CC,Protein House,Grill Sandwich,Grill Keema Sandwich,,50,
Uni-Hospital,CC,Protein House,Grill Sandwich,Paneer Sandwich,,70,
Uni-Hospital,CC,Protein House,Grill Sandwich,Beans Sandwich,,60,
Uni-Hospital,CC,Protein House,Grill Sandwich,Vegan Sandwich,,70,
Uni-Hospital,CC,Protein House,Grill Sandwich,Peanut Sandwich,,70,
Uni-Hospital,CC,Protein House,Grill Sandwich,Corn Sandwich,,50,
Uni-Hospital,CC,Protein House,Grill Sandwich,Mix Sandwich,,70,
Uni-Hospital,CC,Protein House,Burgers,Patty Burger,,60,
Uni-Hospital,CC,Protein House,Burgers,Chunk Burger,,60,
Uni-Hospital,CC,Protein House,Burgers,Paneer Burger,,80,
Uni-Hospital,CC,Protein House,Burgers,Vegan Burger,,80,
Uni-Hospital,CC,Protein House,Burgers,Mix Burger,,80,
Uni-Hospital,CC,Protein House,Sub,Soya Patty Sub,,70,
Uni-Hospital,CC,Protein House,Sub,Paneer Tikka Sub,,85,
Uni-Hospital,CC,Protein House,Sub,Vegan Sub,,80,
Uni-Hospital,CC,Protein House,Sub,Mix Sub,,90,
Food Square,Block 8,Nand Juice,Juice,Orange Juice,Small,50,
Food Square,Block 8,Nand Juice,Juice,Orange Juice,Medium,60,
Food Square,Block 8,Nand Juice,Juice,Orange Juice,Large,70,
Food Square,Block 8,Nand Juice,Juice,Mix Juice,Small,50,
Food Square,Block 8,Nand Juice,Juice,Mix Juice,Medium,60,
Food Square,Block 8,Nand Juice,Juice,Mix Juice,Large,70,
Food Square,Block 8,Nand Juice,Juice,Mausami Juice,Small,50,
Food Square,Block 8,Nand Juice,Juice,Mausami Juice,Medium,60,
Food Square,Block 8,Nand Juice,Juice,Mausami Juice,Large,70,
Food Square,Block 8,Nand Juice,Juice,Pineapple Juice,Small,50,
Food Square,Block 8,Nand Juice,Juice,Pineapple Juice,Medium,60,
Food Square,Block 8,Nand Juice,Juice,Pineapple Juice,Large,70,
Food Square,Block 8,Nand Juice,Juice,Water Melon,Small,50,
Food Square,Block 8,Nand Juice,Juice,Water Melon,Medium,60,
Food Square,Block 8,Nand Juice,Juice,Water Melon,Large,70,
Food Square,Block 8,Nand Juice,Juice,Musk Melon Juice,Small,50,
Food Square,Block 8,Nand Juice,Juice,Musk Melon Juice,Medium,60,
Food Square,Block 8,Nand Juice,Juice,Musk Melon Juice,Large,70,
Food Square,Block 8,Nand Juice,Juice,Carrot Juice,Small,50,
Food Square,Block 8,Nand Juice,Juice,Carrot Juice,Medium,60,
Food Square,Block 8,Nand Juice,Juice,Carrot Juice,Large,70,
Food Square,Block 8,Nand Juice,Juice,Apple Juice,Small,50,
Food Square,Block 8,Nand Juice,Juice,Apple Juice,Medium,60,
Food Square,Block 8,Nand Juice,Juice,Apple Juice,Large,70,
Food Square,Block 8,Nand Juice,Juice,Grape Juice,Small,50,
Food Square,Block 8,Nand Juice,Juice,Grape Juice,Medium,60,
Food Square,Block 8,Nand Juice,Juice,Grape Juice,Large,70,
Food Square,Block 8,Nand Juice,Juice,Pomegranate Juice,Small,100,
Food Square,Block 8,Nand Juice,Juice,Pomegranate Juice,Medium,120,
Food Square,Block 8,Nand Juice,Juice,Pomegranate Juice,Large,150,
Food Square,Block 8,Nand Juice,Juice,Sugar Cane Juice,Small,30,
Food Square,Block 8,Nand Juice,Juice,Sugar Cane Juice,Medium,40,
Food Square,Block 8,Nand Juice,Juice,Sugar Cane Juice,Large,50,
Food Square,Block 8,Nand Juice,Juice,Fresh Lime Water,Small,20,
Food Square,Block 8,Nand Juice,Juice,Fresh Lime Water,Medium,30,
Food Square,Block 8,Nand Juice,Juice,Fresh Lime Water,Large,40,
Food Square,Block 8,Nand Juice,Juice,Fresh Lime Soda,Small,30,
Food Square,Block 8,Nand Juice,Juice,Fresh Lime Soda,Medium,40,
Food Square,Block 8,Nand Juice,Juice,Fresh Lime Soda,Large,50,
Food Square,Block 8,Nand Juice,Juice,Mango Lassi,Small,50,
Food Square,Block 8,Nand Juice,Juice,Mango Lassi,Medium,60,
Food Square,Block 8,Nand Juice,Juice,Mango Lassi,Large,70,
Food Square,Block 8,Nand Juice,Juice,Fresh Fruits Salad,Small,60,
Food Square,Block 8,Nand Juice,Juice,Fresh Fruits Salad,Medium,80,
Food Square,Block 8,Nand Juice,Shake,Banana Shake,Small,50,
Food Square,Block 8,Nand Juice,Shake,Banana Shake,Medium,60,
Food Square,Block 8,Nand Juice,Shake,Banana Shake,Large,70,
Food Square,Block 8,Nand Juice,Shake,Chocolate Shake,Small,50,
Food Square,Block 8,Nand Juice,Shake,Chocolate Shake,Medium,60,
Food Square,Block 8,Nand Juice,Shake,Chocolate Shake,Large,70,
Food Square,Block 8,Nand Juice,Shake,Cold Coffee,Small,50,
Food Square,Block 8,Nand Juice,Shake,Cold Coffee,Medium,60,
Food Square,Block 8,Nand Juice,Shake,Cold Coffee,Large,70,
Food Square,Block 8,Nand Juice,Shake,Oreo Milk Shake,Small,50,
Food Square,Block 8,Nand Juice,Shake,Oreo Milk Shake,Medium,60,
Food Square,Block 8,Nand Juice,Shake,Oreo Milk Shake,Large,70,
Food Square,Block 8,Nand Juice,Shake,Strawberry,Small,50,
Food Square,Block 8,Nand Juice,Shake,Strawberry,Medium,60,
Food Square,Block 8,Nand Juice,Shake,Strawberry,Large,70,
Food Square,Block 8,Nand Juice,Shake,Papaya Shake,Small,50,
Food Square,Block 8,Nand Juice,Shake,Papaya Shake,Medium,60,
Food Square,Block 8,Nand Juice,Shake,Papaya Shake,Large,70,
Food Square,Block 8,Nand Juice,Shake,Butter Scotch,Small,50,
Food Square,Block 8,Nand Juice,Shake,Butter Scotch,Medium,60,
Food Square,Block 8,Nand Juice,Shake,Butter Scotch,Large,70,
Food Square,Block 8,Nand Juice,Shake,Mango Shake,Small,50,
Food Square,Block 8,Nand Juice,Shake,Mango Shake,Medium,60,
Food Square,Block 8,Nand Juice,Shake,Mango Shake,Large,70,
Food Square,Block 8,Nand Juice,Shake,Apple Shake,Small,50,
Food Square,Block 8,Nand Juice,Shake,Apple Shake,Medium,60,
Food Square,Block 8,Nand Juice,Shake,Apple Shake,Large,70,
Food Square,Block 8,Nand Juice,Shake,Vanilla Shake,Small,50,
Food Square,Block 8,Nand Juice,Shake,Vanilla Shake,Medium,60,
Food Square,Block 8,Nand Juice,Shake,Vanilla Shake,Large,70,
Food Square,Block 8,Nand Juice,Shake,Pineapple,Small,50,
Food Square,Block 8,Nand Juice,Shake,Pineapple,Medium,60,
Food Square,Block 8,Nand Juice,Shake,Pineapple,Large,70,
Food Square,Block 8,Nand Juice,Shake,Kiwi Shake,Small,50,
Food Square,Block 8,Nand Juice,Shake,Kiwi Shake,Medium,60,
Food Square,Block 8,Nand Juice,Shake,Kiwi Shake,Large,70,
Food Square,Block 8,Nand Juice,Shake,Brahmi Shake,Small,50,
Food Square,Block 8,Nand Juice,Shake,Brahmi Shake,Medium,60,
Food Square,Block 8,Nand Juice,Shake,Brahmi Shake,Large,70,
Food Square,Block 8,Nand Juice,Shake,Black Current,Small,50,
Food Square,Block 8,Nand Juice,Shake,Black Current,Medium,60,
Food Square,Block 8,Nand Juice,Shake,Black Current,Large,70,
Food Square,Block 8,Nand Juice,Shake,Mango Lassi,Small,50,
Food Square,Block 8,Nand Juice,Shake,Mango Lassi,Medium,60,
Food Square,Block 8,Nand Juice,Shake,Mango Lassi,Large,70,
Uni-Hospital,CC,Govinda Fresh Bites,Thali,Veg Thali,,80,
Uni-Hospital,CC,Govinda Fresh Bites,Thali,Paneer Thali,,90,
Uni-Hospital,CC,Govinda Fresh Bites,Thali,Special Thali,,100,
Uni-Hospital,CC,Govinda Fresh Bites,Paratha,Paneer Paratha,,40,
Uni-Hospital,CC,Govinda Fresh Bites,Paratha,Mix Paratha,,30,
Uni-Hospital,CC,Govinda Fresh Bites,Paratha,Aloo Paratha,,30,
Uni-Hospital,CC,Govinda Fresh Bites,Paratha,Gobi Paratha,,30,
Uni-Hospital,CC,Govinda Fresh Bites,Paratha,Onion Paratha,,30,
Uni-Hospital,CC,Govinda Fresh Bites,Pakoda,Mix Pakoda,,50,
Uni-Hospital,CC,Govinda Fresh Bites,Pakoda,Paneer Pakoda,,20,
Uni-Hospital,CC,Govinda Fresh Bites,Pakoda,Bread Pakoda,,30,2 pc
Uni-Hospital,CC,Govinda Fresh Bites,Indian Food,Chana Bhatura,,60,2 pc
Uni-Hospital,CC,Govinda Fresh Bites,Rice,Dal Rice,,70,
Uni-Hospital,CC,Govinda Fresh Bites,Rice,Rajma Rice,,70,
Uni-Hospital,CC,Govinda Fresh Bites,Rice,Chana Rice,,70,
Uni-Hospital,CC,Govinda Fresh Bites,Rice,Paneer Rice,,90,
Uni-Hospital,CC,Govinda Fresh Bites,Rice,Kadhi Rice,,70,
Uni-Hospital,CC,Govinda Fresh Bites,Rice,Rice Bowl,,80,
Uni-Hospital,CC,Tripti,Dosa & Idli,Plain Dosa,,50,
Uni-Hospital,CC,Tripti,Dosa & Idli,Masala Dosa,,60,
Uni-Hospital,CC,Tripti,Dosa & Idli,Thattu Dosa,,60,
Uni-Hospital,CC,Tripti,Dosa & Idli,Onion Dosa,,60,
Uni-Hospital,CC,Tripti,Dosa & Idli,Onion Masala Dosa,,65,
Uni-Hospital,CC,Tripti,Dosa & Idli,Butter Dosa,,70,
Uni-Hospital,CC,Tripti,Dosa & Idli,Ghee Podi Dosa,,70,
Uni-Hospital,CC,Tripti,Dosa & Idli,Podi Dosa,,60,
Uni-Hospital,CC,Tripti,Dosa & Idli,Ghee Dosa,,70,
Uni-Hospital,CC,Tripti,Dosa & Idli,Uthappam,,70,
Uni-Hospital,CC,Tripti,Dosa & Idli,Tripti Special Dosa,,80,
Uni-Hospital,CC,Tripti,Dosa & Idli,Paneer Dosa,,100,
Uni-Hospital,CC,Tripti,Dosa & Idli,Idli 3 pcs,,40,
Uni-Hospital,CC,Tripti,Dosa & Idli,Ramassery Idli - 2 pcs,,50,
Uni-Hospital,CC,Tripti,South Breakfast,Idiyappam + Kadala/Veg Curry,,70,
Uni-Hospital,CC,Tripti,South Breakfast,Puttu + Kadala Curry,,70,
Uni-Hospital,CC,Tripti,South Breakfast,Porotta + Kadala/Veg Curry,,60,
Uni-Hospital,CC,Tripti,South Breakfast,Rava/Vermicelli Uppuma,,60,
Uni-Hospital,CC,Tripti,Biriyani Rice & Thali,Biriyani,,70,
Uni-Hospital,CC,Tripti,Biriyani Rice & Thali,Thali,,70,
Uni-Hospital,CC,Tripti,Biriyani Rice & Thali,Tomato Rice,,70,
Uni-Hospital,CC,Tripti,Biriyani Rice & Thali,Lemon Rice,,70,
Uni-Hospital,CC,Tripti,Biriyani Rice & Thali,Curd Rice,,70,
Uni-Hospital,CC,Tripti,Biriyani Rice & Thali,Gobhi Rice,,70,
Uni-Hospital,CC,Tripti,Biriyani Rice & Thali,Pappu Rice,,70,
Uni-Hospital,CC,Tripti,Biriyani Rice & Thali,Fried Rice,,70,
Uni-Hospital,CC,Tripti,Biriyani Rice & Thali,Jeera Rice,,70,
Uni-Hospital,CC,Tripti,South Snacks,Onion Vada,,10,
Uni-Hospital,CC,Tripti,South Snacks,Dal Vada (Nippattu),,10,
Uni-Hospital,CC,Tripti,South Snacks,Medu Vada,,10,
Uni-Hospital,CC,Tripti,South Snacks,Bread Pokko Vada,,15,
Uni-Hospital,CC,Tripti,South Snacks,Sugheen Vada,,15,
Uni-Hospital,CC,Tripti,South Snacks,Samosa,,15,
Uni-Hospital,CC,Tripti,South Snacks,Pazham Pori,,20,
Uni-Hospital,CC,Tripti,South Snacks,Punugulu,,10,
Uni-Hospital,CC,Tripti,South Snacks,Snacks Combo + Chutney,,50,
Uni-Hospital,CC,Tripti,South Tea & Packed Snacks,South Tea,,15,
Uni-Hospital,CC,Tandoori Hub,Amritsari Naan,Naan With Channa (2pc),,70,
Uni-Hospital,CC,Tandoori Hub,Amritsari Naan,Naan With Nutri (2pc),,70,
Uni-Hospital,CC,Tandoori Hub,Amritsari Naan,Naan With Chaap (2pc),,70,
Uni-Hospital,CC,Tandoori Hub,Amritsari Naan,Naan With Paneer (2pc),,80,
Uni-Hospital,CC,Tandoori Hub,Amritsari Naan,Aatta Naan With Chaap (2pc),,80,
Uni-Hospital,CC,Tandoori Hub,Amritsari Naan,Aatta Naan With Nutri (2pc),,80,
Uni-Hospital,CC,Tandoori Hub,Amritsari Naan,Aatta Naan With Paneer (2pc),,90,
Uni-Hospital,CC,Tandoori Hub,Amritsari Naan,Tandoori Thali,,80,
Uni-Hospital,CC,Tandoori Hub,Amritsari Naan,Gobi Naan With Channa (1pc),,60,
Uni-Hospital,CC,Tandoori Hub,Amritsari Naan,Gobi Naan With Paneer (1pc),,70,
Uni-Hospital,CC,Tandoori Hub,Amritsari Naan,Paneer Naan With Channa (1pc),,60,
Uni-Hospital,CC,Tandoori Hub,Amritsari Naan,Paneer Naan With Paneer (1pc),,70,
Uni-Hospital,CC,Tandoori Hub,Pao Bhaji,Pao With Bhaji (3pc),,60,
Uni-Hospital,CC,Tandoori Hub,Pao Bhaji,Maska Pao Bhaji,,70,
Uni-Hospital,CC,Tandoori Hub,Pao Bhaji,Cheese Pao Bhaji,,70,
Uni-Hospital,CC,Tandoori Hub,Bread Kulcha,Kulcha With Channa,,60,
Uni-Hospital,CC,Tandoori Hub,Bread Kulcha,Kulcha With Nutri,,60,
Uni-Hospital,CC,Tandoori Hub,Bread Kulcha,Kulcha With Chaap,,60,
Uni-Hospital,CC,Tandoori Hub,Bread Kulcha,Kulcha With Paneer,,70,
Uni-Hospital,CC,Tandoori Hub,Bread Kulcha,Brown Kulcha With Channa,,70,
Uni-Hospital,CC,Tandoori Hub,Bread Kulcha,Brown Kulcha With Nutri,,70,
Uni-Hospital,CC,Tandoori Hub,Bread Kulcha,Brown Kulcha With Chaap,,70,
Uni-Hospital,CC,Tandoori Hub,Bread Kulcha,Brown Kulcha With Paneer,,80,
Uni-Hospital,CC,Tandoori Hub,Rice,Rajma Rice,,60,
Uni-Hospital,CC,Tandoori Hub,Rice,Channa Rice,,60,
Uni-Hospital,CC,Tandoori Hub,Rice,Nutri Rice,,60,
Uni-Hospital,CC,Tandoori Hub,Rice,Chaap Rice,,60,
Uni-Hospital,CC,Tandoori Hub,Rice,Paneer Rice,,70,
Uni-Hospital,CC,Tandoori Hub,Soya Chaap,Malai Chaap With Plain Naan,,80,
Uni-Hospital,CC,Tandoori Hub,Soya Chaap,Irani Chaap With Plain Naan,,80,
Uni-Hospital,CC,Tandoori Hub,Soya Chaap,Affgani Chaap With Plain Naan,,80,
Uni-Hospital,CC,Tandoori Hub,Soya Chaap,Achari Chaap With Plain Naan,,80,
Uni-Hospital,CC,Tandoori Hub,Soya Chaap,Masala Chaap With Plain Naan,,80,
Uni-Hospital,CC,Tandoori Hub,Soya Chaap,Tandoori Chaap With Plain Naan,,80,
Uni-Hospital,CC,Tandoori Hub,Soya Chaap,Pudina Chaap With Plain Naan,,80,
Uni-Hospital,CC,Tandoori Hub,Soya Chaap,Malai Paneer Tikka With Plain Naan,,90,
Uni-Hospital,CC,Tandoori Hub,Soya Chaap,Tandoori Paneer Tikka With Plain Naan,,90,
Uni-Hospital,CC,Tandoori Hub,Soya Chaap,Mushroom Tikka With Plain Naan,,90,
Uni-Hospital,CC,Nescafe,Sandwich,Veg Cheese Sandwich,,90,
Uni-Hospital,CC,Nescafe,Sandwich,Paneer Makhni Sandwich,,110,
Uni-Hospital,CC,Nescafe,Sandwich,Chipotle Paneer Sandwich(With fries),,130,
Uni-Hospital,CC,Nescafe,Sandwich,Paneer Mint Sandwich (2 Piece),,50,
Uni-Hospital,CC,Nescafe,Fries,Salted Fries,,90,
Uni-Hospital,CC,Nescafe,Fries,Masala Fries,,90,
Uni-Hospital,CC,Nescafe,Fries,Peri Peri Fries,,90,
Uni-Hospital,CC,Nescafe,Fries,Mint Fries,,90,
Uni-Hospital,CC,Nescafe,Fries,Cheesy Fries,,100,
Uni-Hospital,CC,Nescafe,Fries,Loaded Fries,,130,
Uni-Hospital,CC,Nescafe,Fries,Ultimate Fries Bucket,,150,
Uni-Hospital,CC,Nescafe,Mojito,Virgin Mojito,,70,
Uni-Hospital,CC,Nescafe,Mojito,Green Apple Mojito,,70,
Uni-Hospital,CC,Nescafe,Mojito,Watermelon Mojito,,70,
Uni-Hospital,CC,Nescafe,Mojito,Passion Fruit Mojito,,70,
Uni-Hospital,CC,Nescafe,Mojito,Peach Mojito,,70,
Uni-Hospital,CC,Nescafe,Pasta,White Sauce Pasta,,100,
Uni-Hospital,CC,Nescafe,Pasta,Red Sauce Pasta,,100,
Uni-Hospital,CC,Nescafe,Pasta,Mix Sauce Pasta,,110,
Uni-Hospital,CC,Nescafe,Wrap,Aloo Tikki Wrap,,70,
Uni-Hospital,CC,Nescafe,Wrap,Paneer Wrap,,85,
Uni-Hospital,CC,Nescafe,Krusher,Chocolate Krusher,,80,
Uni-Hospital,CC,Nescafe,Krusher,Strawberry Krusher,,90,
Uni-Hospital,CC,Nescafe,Krusher,Banana Caramel Krusher,,90,
Uni-Hospital,CC,Nescafe,Krusher,Mango Alphanso Krusher,,90,
Uni-Hospital,CC,Nescafe,Krusher,Blueberry Krusher,,90,
Uni-Hospital,CC,Nescafe,Krusher,Salted Caramel Krusher,,90,
Uni-Hospital,CC,Nescafe,Krusher,Belgian Chocolate Krusher,,100,
Uni-Hospital,CC,Nescafe,Krusher,Kit-Kat Krusher,,100,
Uni-Hospital,CC,Nescafe,Krusher,Brownie Krusher,,110,
Uni-Hospital,CC,Nescafe,Cold Coffee,Iced Americano,,70,
Uni-Hospital,CC,Nescafe,Cold Coffee,Affogato,,80,
Uni-Hospital,CC,Nescafe,Cold Coffee,Iced Latte,,90,
Uni-Hospital,CC,Nescafe,Cold Coffee,Iced Cappuccino,,90,
Uni-Hospital,CC,Nescafe,Cold Coffee,Classic Cold Coffee with Ice Cream,,90,
Uni-Hospital,CC,Nescafe,Cold Coffee,Signature Cold Coffee with Ice Cream,,100,
Uni-Hospital,CC,Nescafe,Cold Coffee,Iced Mocha,,100,
Uni-Hospital,CC,Nescafe,Cold Coffee,Strong Cold Coffee,,110,
Uni-Hospital,CC,Nescafe,Burger,Veg Cheese Burger,,60,
Uni-Hospital,CC,Nescafe,Burger,Shezwan Cheese Burger,,70,
Uni-Hospital,CC,Nescafe,Burger,Maharaja Burger,,100,
Uni-Hospital,CC,Nescafe,Burger,Mac-Paneer Burger,,100,
Uni-Hospital,CC,Nescafe,Sub,Paneer Tikka Sub,,90,
Uni-Hospital,CC,Nescafe,Sub,Aloo Tikki Sub,,90,
Uni-Hospital,CC,Nescafe,Sub,Mix Sub,,110,
Uni-Hospital,CC,Nescafe,,Original Masala Maggi,,55,
Uni-Hospital,CC,Nescafe,,Green Chilli Maggi,,55,
Uni-Hospital,CC,Nescafe,,Special Masala Maggi,,65,
Uni-Hospital,CC,Nescafe,,Double Masala Maggi,,65,
Uni-Hospital,CC,Nescafe,,Vegetable Maggi,,65,
Uni-Hospital,CC,Nescafe,,Peri Peri Maggi,,65,
Uni-Hospital,CC,Nescafe,,Shillong Schezwan Maggi,,70,
Uni-Hospital,CC,Nescafe,,Butter Garlic Maggi,,70,
Uni-Hospital,CC,Nescafe,,Cheese Oregano Maggi,,70,
Uni-Hospital,CC,Nescafe,,Tandoori Maggi,,70,
Uni-Hospital,CC,Nescafe,,Spicy Garlic Maggi,,70,
Uni-Hospital,CC,Nescafe,,Makhani Gravy Maggi,,80,
Uni-Hospital,CC,Nescafe,,Peri Peri Cheese Maggi,,80,
Uni-Hospital,CC,Nescafe,,Schezwan Cheese Maggi,,80,
Uni-Hospital,CC,Nescafe,,Double Masala Cheese Maggi,,80,
Uni-Hospital,CC,Nescafe,,Espresso, Regular,40,
Uni-Hospital,CC,Nescafe,,Espresso, Large,60,
Uni-Hospital,CC,Nescafe,,Coffee, Regular,40,
Uni-Hospital,CC,Nescafe,,Coffee, Large,60,
Uni-Hospital,CC,Nescafe,,Cappuccino, Regular,50,
Uni-Hospital,CC,Nescafe,,Cappuccino, Large,70,
Uni-Hospital,CC,Nescafe,,Cafe Latte, Regular,50,
Uni-Hospital,CC,Nescafe,,Cafe Latte, Large,70,
Uni-Hospital,CC,Nescafe,,Americano, Regular,50,
Uni-Hospital,CC,Nescafe,,Americano, Large,70,
Uni-Hospital,CC,Nescafe,,Cafe Mocha, Regular,55,
Uni-Hospital,CC,Nescafe,,Cafe Mocha, Large,80,
Uni-Hospital,CC,Nescafe,,Hot Chocolate, Regular,55,
Uni-Hospital,CC,Nescafe,,Hot Chocolate, Large,80,
Uni-Hospital,CC,Nescafe,,Strong Cappuccino, Regular,65,
Uni-Hospital,CC,Nescafe,,Strong Cappuccino, Large,85,
Uni-Hospital,CC,Nescafe,,Irish Coffee, Regular,65,
Uni-Hospital,CC,Nescafe,,Irish Coffee, Large,85,
Uni-Hospital,CC,Nescafe,,Caramel Coffee, Regular,65,
Uni-Hospital,CC,Nescafe,,Caramel Coffee, Large,85,
Uni-Hospital,CC,Nescafe,,Hazelnut Cappuccino, Regular,65,
Uni-Hospital,CC,Nescafe,,Hazelnut Cappuccino, Large,85,
Uni-Hospital,CC,Nescafe,,Lemon Ice Tea, Regular,45,
Uni-Hospital,CC,Nescafe,,Lemon Ice Tea, Large,70,
Uni-Hospital,CC,Nescafe,,Peach Ice Tea , Regular,55,
Uni-Hospital,CC,Nescafe,,Peach Ice Tea , Large,80,
Uni-Hospital,CC,Nescafe,,Watermelon Ice Tea , Regular,55,
Uni-Hospital,CC,Nescafe,,Watermelon Ice Tea , Large,80,
Uni-Hospital,CC,Nescafe,,Green Apple Ice Tea, Regular,55,
Uni-Hospital,CC,Nescafe,,Green Apple Ice Tea, Large,80,
Uni-Hospital,CC,Nescafe,,Passion Fruit Ice Tea , Regular,55,
Uni-Hospital,CC,Nescafe,,Passion Fruit Ice Tea , Large,80,
Uni-Hospital,CC,Nescafe,,Frappe , Regular,60,
Uni-Hospital,CC,Nescafe,,Frappe , Large,100,
Uni-Hospital,CC,Nescafe,,Frappe Mocha , Regular,70,
Uni-Hospital,CC,Nescafe,,Frappe Mocha , Large,120,
Uni-Hospital,CC,Nescafe,,Irish Frappe , Regular,70,
Uni-Hospital,CC,Nescafe,,Irish Frappe , Large,120,
Uni-Hospital,CC,Nescafe,,Caramel Frappe, Regular,70,
Uni-Hospital,CC,Nescafe,,Caramel Frappe, Large,120,
Uni-Hospital,CC,Nescafe,,Chocolate Frappe, Regular,70,
Uni-Hospital,CC,Nescafe,,Chocolate Frappe , Large,120,
Uni-Hospital,CC,Nescafe,,Hazelnut Frappe, Regular,70,
Uni-Hospital,CC,Nescafe,,Hazelnut Frappe, Large,120,
Uni-Hospital,CC,Nescafe,,KitKat Shake,,100,
Uni-Hospital,CC,Amul IceCream Parlour,,Vanilla,,35,
Uni-Hospital,CC,Amul IceCream Parlour,,Strawberry,,35,
Uni-Hospital,CC,Amul IceCream Parlour,,Mango,,35,
,CC,Amul IceCream Parlour,,Chocolate,,35,
Uni-Hospital,CC,Amul IceCream Parlour,,Tutti Fruity,,40,
Uni-Hospital,CC,Amul IceCream Parlour,,Choco Chips,,40,
Uni-Hospital,CC,Amul IceCream Parlour,,Butter Scotch,,40,
Uni-Hospital,CC,Amul IceCream Parlour,,Afghan Dry Fruit,,40,
Uni-Hospital,CC,Amul IceCream Parlour,,Paan Nawabi,,40,
Uni-Hospital,CC,Amul IceCream Parlour,,Black Current,,40,
Uni-Hospital,CC,Amul IceCream Parlour,,American Nuts,,40,
Uni-Hospital,CC,Amul IceCream Parlour,Uni-Hospital,Kesar Pista,,45,
Uni-Hospital,CC,Amul IceCream Parlour,,Chocolate Brownie,,45,
Uni-Hospital,CC,Amul IceCream Parlour,,Cookies 'N' Cream,,45,
Uni-Hospital,CC,Kitchen Ette,Diversified Menu (Lunch),Paneer Butter Masala,Half (₹),65,
Uni-Hospital,CC,Kitchen Ette,Diversified Menu (Lunch),Paneer Butter Masala,Full (₹),130,
Uni-Hospital,CC,Kitchen Ette,Diversified Menu (Lunch),Aloo Gobhi Fried,Half (₹),50,
Uni-Hospital,CC,Kitchen Ette,Diversified Menu (Lunch),Aloo Gobhi Fried,Full (₹),100,
Uni-Hospital,CC,Kitchen Ette,Diversified Menu (Lunch),Methi Malai Matar,Half (₹),50,
Uni-Hospital,CC,Kitchen Ette,Diversified Menu (Lunch),Methi Malai Matar,Full (₹),100,
Uni-Hospital,CC,Kitchen Ette,Diversified Menu (Lunch),Ghia Chana Dal,Half (₹),35,
Uni-Hospital,CC,Kitchen Ette,Diversified Menu (Lunch),Ghia Chana Dal,Full (₹),70,
Uni-Hospital,CC,Kitchen Ette,Fixed Menu (Lunch/Dinner),Paneer Bhurji,Half (₹),65,
Uni-Hospital,CC,Kitchen Ette,Fixed Menu (Lunch/Dinner),Paneer Bhurji,Full (₹),130,
Uni-Hospital,CC,Kitchen Ette,Fixed Menu (Lunch/Dinner),Rajma,Half (₹),35,
Uni-Hospital,CC,Kitchen Ette,Fixed Menu (Lunch/Dinner),Rajma,Full (₹),70,
Uni-Hospital,CC,Kitchen Ette,Fixed Menu (Lunch/Dinner),Dahi/Raita,Half (₹),30,
Uni-Hospital,CC,Kitchen Ette,Fixed Menu (Lunch/Dinner),Dahi/Raita,Full (₹),50,
Uni-Hospital,CC,Kitchen Ette,Fixed Menu (Lunch/Dinner),Veg Pulao,Half (₹),40,
Uni-Hospital,CC,Kitchen Ette,Fixed Menu (Lunch/Dinner),Veg Pulao,Full (₹),70,
Uni-Hospital,CC,Kitchen Ette,Fixed Menu (Lunch/Dinner),Plain Rice,Half (₹),30,
Uni-Hospital,CC,Kitchen Ette,Fixed Menu (Lunch/Dinner),Plain Rice,Full (₹),50,
Uni-Hospital,CC,Kitchen Ette,Thali,Special Thali,,130,
Uni-Hospital,CC,Kitchen Ette,Thali,Normal/Simple Thali,,110,
Uni-Hospital,CC,Kitchen Ette,Combo,Paneer Gravy + Veg Pulao,,135,
Uni-Hospital,CC,Kitchen Ette,Combo,Paneer Gravy + Plain Rice,,115,
Uni-Hospital,CC,Kitchen Ette,Combo,Rajma + Plain Rice,,80,
Uni-Hospital,CC,Kitchen Ette,Combo,Dal + Plain Rice,,80,
Uni-Hospital,CC,Kitchen Ette,Combo,Sabji + Plain Rice,,85,
Uni-Hospital,CC,Kitchen Ette,Combo,Veg Pulao + Raita,,90,
Uni-Hospital,CC,Kitchen Ette,Prantha,Paneer Prantha,,60,
Uni-Hospital,CC,Kitchen Ette,Prantha,Mix Prantha,,50,
Uni-Hospital,CC,Kitchen Ette,Prantha,Lachha Prantha,,45,
Uni-Hospital,CC,Kitchen Ette,Prantha,Aloo Prantha,,40,
Uni-Hospital,CC,Kitchen Ette,Prantha,Gobhi Prantha,,40,
Uni-Hospital,CC,Kitchen Ette,Prantha,Onion Prantha,,40,
Uni-Hospital,CC,Kitchen Ette,Prantha,Mooli Prantha,,40,
Uni-Hospital,CC,Kitchen Ette,Prantha,Plain Prantha,,25,
Uni-Hospital,CC,Kitchen Ette,Extra,Extra Dahi with Prantha,,15,
Uni-Hospital,CC,Kitchen Ette,Extra,Extra White Makhan,,15,
Uni-Hospital,CC,Kitchen Ette,Beverage,Kulad Lassi (Sweet),,60,
Uni-Hospital,CC,Kitchen Ette,Beverage,Kulad Lassi (Salted),,60,
Uni-Hospital,CC,Kitchen Ette,Beverage,Hot Coffee,,35,
Uni-Hospital,CC,Chai Sutta Bar,CHAI,Adrak,Regular,20,
Uni-Hospital,CC,Chai Sutta Bar,CHAI,Adrak,Large,40,
Uni-Hospital,CC,Chai Sutta Bar,CHAI,Rose,Regular,20,
Uni-Hospital,CC,Chai Sutta Bar,CHAI,Rose,Large,40,
Uni-Hospital,CC,Chai Sutta Bar,CHAI,Chocolate,Regular,20,
Uni-Hospital,CC,Chai Sutta Bar,CHAI,Chocolate,Large,40,
Uni-Hospital,CC,Chai Sutta Bar,CHAI,Gudh Wali,Regular,25,
Uni-Hospital,CC,Chai Sutta Bar,CHAI,Gudh Wali,Large,50,
Uni-Hospital,CC,Chai Sutta Bar,CHAI,Elachi,Regular,30,
Uni-Hospital,CC,Chai Sutta Bar,CHAI,Elachi,Large,60,
Uni-Hospital,CC,Chai Sutta Bar,CHAI,Kesar,Regular,30,
Uni-Hospital,CC,Chai Sutta Bar,CHAI,Kesar,Large,60,
Uni-Hospital,CC,Chai Sutta Bar,CHAI,Masala,Regular,30,
Uni-Hospital,CC,Chai Sutta Bar,CHAI,Masala,Large,60,
Uni-Hospital,CC,Chai Sutta Bar,COFFEE,Hot Coffee,Regular,25,
Uni-Hospital,CC,Chai Sutta Bar,COFFEE,Hot Coffee,Large,50,
Uni-Hospital,CC,Chai Sutta Bar,COFFEE,Chocolate,Regular,30,
Uni-Hospital,CC,Chai Sutta Bar,COFFEE,Chocolate,Large,60,
Uni-Hospital,CC,Chai Sutta Bar,COFFEE,Strong Hot,Regular,30,
Uni-Hospital,CC,Chai Sutta Bar,COFFEE,Strong Hot,Large,60,
Uni-Hospital,CC,Chai Sutta Bar,COFFEE,Hazelnut,Regular,30,
Uni-Hospital,CC,Chai Sutta Bar,COFFEE,Hazelnut,Large,60,
Uni-Hospital,CC,Chai Sutta Bar,COFFEE,Caramel,Regular,30,
Uni-Hospital,CC,Chai Sutta Bar,COFFEE,Caramel,Large,60,
Uni-Hospital,CC,Chai Sutta Bar,SANDWICH,Veg Grilled Sandwich,,60,
Uni-Hospital,CC,Chai Sutta Bar,SANDWICH,Veg Corn Sandwich,,60,
Uni-Hospital,CC,Chai Sutta Bar,SANDWICH,Tandoori Sandwich,,70,
Uni-Hospital,CC,Chai Sutta Bar,SANDWICH,Paneer Spl. Sandwich,,80,
Uni-Hospital,CC,Chai Sutta Bar,SUB,Veg Patty Sub,,60,
Uni-Hospital,CC,Chai Sutta Bar,SUB,Paneer Makhani Sub,,70,
Uni-Hospital,CC,Chai Sutta Bar,BUN,Bun Makhan,,30,
Uni-Hospital,CC,Chai Sutta Bar,BUN,Peri-Peri Bun Makhan,,35,
Uni-Hospital,CC,Chai Sutta Bar,BURGER,Veg Crispy Burger,,40,
Uni-Hospital,CC,Chai Sutta Bar,BURGER,Veg Cheese Burger,,50,
Uni-Hospital,CC,Chai Sutta Bar,BURGER,Veg Paneer Burger,,60,
Uni-Hospital,CC,Chai Sutta Bar,FRIES,Salted Fries,,60,
Uni-Hospital,CC,Chai Sutta Bar,FRIES,Peri-Peri Fries,,70,
Uni-Hospital,CC,Chai Sutta Bar,FRIES,Loaded Fries,,80,
Uni-Hospital,CC,Chai Sutta Bar,SHAKES,Cold Coffee,,60,
Uni-Hospital,CC,Chai Sutta Bar,SHAKES,Choco Cold Coffee,,70,
Uni-Hospital,CC,Chai Sutta Bar,SHAKES,Brownie Shake,,70,
Uni-Hospital,CC,Chai Sutta Bar,SHAKES,Kitkat Shake,,70,
Uni-Hospital,CC,Chai Sutta Bar,SHAKES,Oreo Shake,,70,
Uni-Hospital,CC,Chai Sutta Bar,SHAKES,Butter Scotch,,70,
Uni-Hospital,CC,Chai Sutta Bar,SHAKES,Black Currant,,70,
Uni-Hospital,CC,Chai Sutta Bar,LASSI,Sweet Lassi,,40,
Uni-Hospital,CC,Chai Sutta Bar,LASSI,Kuldhad Lassi,,50,
Uni-Hospital,CC,Chai Sutta Bar,LASSI,Mango Lassi,,50,
Uni-Hospital,CC,Chai Sutta Bar,LASSI,Kesar Lassi,,50,
Uni-Hospital,CC,Chai Sutta Bar,ICE TEA,Lemon Ice Tea,,50,
Uni-Hospital,CC,Chai Sutta Bar,ICE TEA,Peach Ice Tea,,60,
Uni-Hospital,CC,Roll House,BASIC,Mix Veg Roll,,49,
Uni-Hospital,CC,Roll House,BASIC,Aloo Tikki Roll,,49,
Uni-Hospital,CC,Roll House,BASIC,Aloo Tikki Creamy Roll,,59,
Uni-Hospital,CC,Roll House,BASIC,Noodle Roll,,59,
Uni-Hospital,CC,Roll House,CHAAP ROLL,Malai Chaap Roll,,59,
Uni-Hospital,CC,Roll House,CHAAP ROLL,Chilli Chaap Roll,,69,
Uni-Hospital,CC,Roll House,CHAAP ROLL,Achari Chaap Roll,,79,
Uni-Hospital,CC,Roll House,PANEER ROLL,Paneer Tikka Roll,,79,
Uni-Hospital,CC,Roll House,PANEER ROLL,Paneer Bhurji Roll,,89,
Uni-Hospital,CC,Roll House,PANEER ROLL,Paneer Malai Roll,,89,
Uni-Hospital,CC,Roll House,PANEER ROLL,Chilli Paneer Roll,,99,
Uni-Hospital,CC,Roll House,PANEER ROLL,Achari Paneer Roll,,99,
Uni-Hospital,CC,Roll House,PANEER ROLL,Tandoori Paneer Roll,,99,
Uni-Hospital,CC,Roll House,SOYA ROLL,Soya Kabab Roll,,79,
Uni-Hospital,CC,Roll House,SOYA ROLL,Soya Kabab Tandoori,,89,
Uni-Hospital,CC,Roll House,MUSHROOM ROLL,Mushroom Roll,,69,
Uni-Hospital,CC,Roll House,MUSHROOM ROLL,Chilli Mushroom Roll,,79,
Uni-Hospital,CC,Roll House,MUSHROOM ROLL,Spicy Mushroom Roll,,79,
Uni-Hospital,CC,Roll House,MUSHROOM ROLL,Mushroom Tikka Roll,,89,
Uni-Hospital,CC,PR Terrace,North Indian Cuisine,Thali,,90,
Uni-Hospital,CC,PR Terrace,North Indian Cuisine,Special Thali,,110,
Uni-Hospital,CC,PR Terrace,North Indian Cuisine,Dal / Channa / Kadhi / Rajmah with Rice,,75,
Uni-Hospital,CC,PR Terrace,North Indian Cuisine,Poori Channa / Kulcha Channa,,75,
Uni-Hospital,CC,PR Terrace,North Indian Cuisine,Bhature + Channa,,75,
Uni-Hospital,CC,PR Terrace,North Indian Cuisine,Paneer Gravy (250 ml),,90,
Uni-Hospital,CC,PR Terrace,North Indian Cuisine,Paneer Bhurji,,120,
Uni-Hospital,CC,PR Terrace,North Indian Cuisine,Plain parantha with pickle,,20,
Uni-Hospital,CC,PR Terrace,North Indian Cuisine,Parantha Stuffed,,35,
Uni-Hospital,CC,PR Terrace,South Indian Cuisine,Sambar Rice,,60,
Uni-Hospital,CC,PR Terrace,South Indian Cuisine,Sambar Vada / Idli,,80,
Uni-Hospital,CC,PR Terrace,Snacks,Samosa,,20,
Uni-Hospital,CC,PR Terrace,Snacks,Bread Pakora,,20,
Uni-Hospital,CC,PR Terrace,Snacks,Bread Roll,,20,
Uni-Hospital,CC,PR Terrace,Snacks,French Fries,,50,
Uni-Hospital,CC,PR Terrace,Snacks,Maggi,,30,
Uni-Hospital,CC,PR Terrace,Snacks,Veg Maggi,,50,
Uni-Hospital,CC,PR Terrace,Special Packed Items,Tea,,25,
Uni-Hospital,CC,PR Terrace,Special Packed Items,Coffee,,25,
Uni-Hospital,CC,PR Terrace,Special Packed Items,Cold Coffee,,70,
Uni-Hospital,CC,Oven_Express,Sundae,Brownie Sundae,,90,
Uni-Hospital,CC,Oven_Express,Dessert,Chocolava,,50,
Uni-Hospital,CC,Oven_Express,Dessert,Hot Brownie,,60,
Uni-Hospital,CC,Oven_Express,Dessert,Brownie Sundae,,120,
Uni-Hospital,CC,Oven_Express,Dessert,Brownie With Ice Cream,,80,
Uni-Hospital,CC,Oven_Express,Garlic Bread,Cheese Garlic Bread,,120,
Uni-Hospital,CC,Oven_Express,Garlic Bread,Stuffed Garlic Bread,,180,
Uni-Hospital,CC,Oven_Express,Fries,Salted Fries,,80,
Uni-Hospital,CC,Oven_Express,Fries,Masala Fries,,90,
Uni-Hospital,CC,Oven_Express,Fries,Loaded Fries,,120,
Uni-Hospital,CC,Oven_Express,Rice Bowl,Aloo Patty Rice Bowl,,80,
Uni-Hospital,CC,Oven_Express,Rice Bowl,Paneer Patty Rice Bowl,,100,
Uni-Hospital,CC,Oven_Express,Rice Bowl,Mushroom Rice Bowl,,100,
Uni-Hospital,CC,Oven_Express,Pasta,White Sauce Pasta,,120,
Uni-Hospital,CC,Oven_Express,Pasta,Red Sauce Pasta,,120,
Uni-Hospital,CC,Oven_Express,Sub,Aloo Tikki Sub,,80,
Uni-Hospital,CC,Oven_Express,Sub,Cheese Corn Sub,,100,
Uni-Hospital,CC,Oven_Express,Sandwich,Veg Grilled Sandwich,,90,
Uni-Hospital,CC,Oven_Express,Sandwich,Paneer Cheese Sandwich,,120,
Uni-Hospital,CC,Oven_Express,Sandwich,Mushroom Cheese Sandwich,,120,
Uni-Hospital,CC,Oven_Express,Burger,Aloo Tikki Burger,,50,
Uni-Hospital,CC,Oven_Express,Burger,Paneer Burger,,80,
Uni-Hospital,CC,Oven_Express,Burger,Cheese Burger,,60,
Uni-Hospital,CC,Oven_Express,Burger,Mushroom Burger,,80,
Uni-Hospital,CC,Oven_Express,Wrap,Veg Wrap,,60,
Uni-Hospital,CC,Oven_Express,Wrap,Cheese Corn Wrap,,70,
Uni-Hospital,CC,Oven_Express,Wrap,Paneer Patty Wrap,,130,
Uni-Hospital,CC,Oven_Express,Wrap,Mushroom Cheese Wrap,,120,
Uni-Hospital,CC,Oven_Express,Tacos,Veg Tacos,,100,
Uni-Hospital,CC,Oven_Express,Tacos,Paneer Tacos,,120,
Uni-Hospital,CC,Oven_Express,Tacos,Mushroom Tacos,,120,
Uni-Hospital,CC,Oven_Express,Biryani,Veg Biryani,,90,
Uni-Hospital,CC,Oven_Express,Biryani,Paneer Biryani,,100,
Uni-Hospital,CC,Oven_Express,Biryani,Veg Handi Biryani,,180,
Uni-Hospital,CC,Oven_Express,Biryani,Paneer Handi Biryani,,220,
Uni-Hospital,CC,Oven_Express,Chinese Veg,Honey Chilly Potato,,80,
Uni-Hospital,CC,Oven_Express,Chinese Veg,Chilly Potato,,80,
Uni-Hospital,CC,Oven_Express,Chinese Veg,Manchurian Dry/Gravy,,80,
Uni-Hospital,CC,Oven_Express,Chinese Veg,Cheese Chilly Dry/Gravy,,100,
Uni-Hospital,CC,Oven_Express,Chinese Veg,Mushroom Chilly Dry/Gravy,,100,
Uni-Hospital,CC,Oven_Express,Chinese Veg,Crispy Corn,,80,
Uni-Hospital,CC,Oven_Express,Chinese Veg,Spring Roll,,90,
Uni-Hospital,CC,Oven_Express,Chinese Veg,Cheese Corn Roll,,100,
Uni-Hospital,CC,Oven_Express,Chinese Veg,Veg Noodles,,70,
Uni-Hospital,CC,Oven_Express,Chinese Veg,Paneer Noodles,,90,
Uni-Hospital,CC,Oven_Express,Chinese Veg,Veg Fried Rice,,70,
Uni-Hospital,CC,Oven_Express,Chinese Veg,Paneer Fried Rice,,90,
Uni-Hospital,CC,Oven_Express,Momos,Veg Momos Steamed/Fry (8 Pc),,80,
Uni-Hospital,CC,Oven_Express,Momos,Paneer Momos Steamed/Fry (8 Pc),,100,
Uni-Hospital,CC,Oven_Express,Pizza,Margherita Regular,,130,
Uni-Hospital,CC,Oven_Express,Pizza,Margherita Family,,230,
Uni-Hospital,CC,Oven_Express,Pizza,Cheese Corn Regular,,140,
Uni-Hospital,CC,Oven_Express,Pizza,Cheese Corn Family,,250,
Uni-Hospital,CC,Oven_Express,Pizza,Onion Capsicum Regular,,140,
Uni-Hospital,CC,Oven_Express,Pizza,Onion Capsicum Family,,250,
Uni-Hospital,CC,Oven_Express,Pizza,Fully Loaded Regular,,180,
Uni-Hospital,CC,Oven_Express,Pizza,Fully Loaded Family,,300,
Uni-Hospital,CC,Oven_Express,Pizza,Farmhouse Regular,,180,
Uni-Hospital,CC,Oven_Express,Pizza,Farmhouse Family,,300,
Uni-Hospital,CC,Oven_Express,Pizza,Chak De Fatte Regular,,180,
Uni-Hospital,CC,Oven_Express,Pizza,Chak De Fatte Family,,300,
Uni-Hospital,CC,Oven_Express,Kathi Roll,Veg Kathi Roll,,60,
Uni-Hospital,CC,Oven_Express,Kathi Roll,Manchurian Kathi Roll,,70,
Uni-Hospital,CC,Oven_Express,Kathi Roll,Paneer Kathi Roll,,80,
Uni-Hospital,CC,Oven_Express,Chaap,Malai Chaap,,100,
Uni-Hospital,CC,Oven_Express,Chaap,Tandoori Chaap,,100,
Uni-Hospital,CC,Oven_Express,Chaap,Pudina Chaap,,100,
Uni-Hospital,CC,Oven_Express,Chaap,Afghani Chaap,,110,
Uni-Hospital,CC,Oven_Express,Chinese Combos,Honey Chilly + Noodles,,100,
Uni-Hospital,CC,Oven_Express,Chinese Combos,Honey Chilly + Fried Rice,,100,
Uni-Hospital,CC,Oven_Express,Chinese Combos,Manchurian + Noodles,,100,
Uni-Hospital,CC,Oven_Express,Chinese Combos,Manchurian + Fried Rice,,100,
Uni-Hospital,CC,Oven_Express,Chinese Combos,Cheese Chilly + Noodles,,120,
Uni-Hospital,CC,Oven_Express,Chinese Combos,Cheese Chilly + Fried Rice,,120,
Uni-Hospital,CC,Oven_Express,Rice,Steamed Rice,,50,
Uni-Hospital,CC,Oven_Express,Rice,Jeera Rice,,60,
Uni-Hospital,CC,Oven_Express,Rice,Veg Pulao,,70,
Uni-Hospital,CC,Oven_Express,Thali,Veg Thali,,110,
Uni-Hospital,CC,Oven_Express,Thali,Special Thali,,130,
Girls Hostel,GH2,Kitchen Ette,,Veg. Burger,,50,
Girls Hostel,GH2,Kitchen Ette,,Paneer Burger,,80,
Girls Hostel,GH2,Kitchen Ette,,Ette Spl. Burger,,80,
Girls Hostel,GH2,Kitchen Ette,,Jumbo Burger,,70,
Girls Hostel,GH2,Kitchen Ette,,Veg. Wrap,,90,
Girls Hostel,GH2,Kitchen Ette,,Paneer Tikka Wrap,,90,
Girls Hostel,GH2,Kitchen Ette,,Paneer Wrap,,110,
Girls Hostel,GH2,Kitchen Ette,,Cheese Wrap,,110,
Girls Hostel,GH2,Kitchen Ette,,Mexican Wrap,,100,
Girls Hostel,GH2,Kitchen Ette,,Pasta Wrap,,110,
Girls Hostel,GH2,Kitchen Ette,,Veg. Grilled Sandwich,,90,
Girls Hostel,GH2,Kitchen Ette,,Portobello Mushroom Sandwich,,130,
Girls Hostel,GH2,Kitchen Ette,,Paneer Sandwich,,120,
Girls Hostel,GH2,Kitchen Ette,,Sandwich Aloo Toast,,60,
Girls Hostel,GH2,Kitchen Ette,,Malai Maggie,,40,
Girls Hostel,GH2,Kitchen Ette,,Veg Maggie,,50,
Girls Hostel,GH2,Kitchen Ette,,Plain Garlic Bread,,80,
Girls Hostel,GH2,Kitchen Ette,,Paneer Garlic Bread,,100,
Girls Hostel,GH2,Kitchen Ette,,Mushroom Garlic Bread,,100,
Girls Hostel,GH2,Kitchen Ette,,Saute Veg.,,150,
Girls Hostel,GH2,Kitchen Ette,,Cheesy Fries,,100,
Girls Hostel,GH2,Kitchen Ette,,Peri Peri Fries,,80,
Girls Hostel,GH2,Kitchen Ette,,Plain Fries,,80,
Girls Hostel,GH2,Kitchen Ette,,Baked Cheesy Fries,,120,
Girls Hostel,GH2,Kitchen Ette,,Nachos Veg Loaded,,120,
Girls Hostel,GH2,Kitchen Ette,,Nachos,,150,
Girls Hostel,GH2,Kitchen Ette,,Arrabiata Pasta,,100,
Girls Hostel,GH2,Kitchen Ette,,Alfredo Pasta,,110,
Girls Hostel,GH2,Kitchen Ette,,Mix Sauce Pasta,,110,
Girls Hostel,GH2,Kitchen Ette,,Plain Dosa,,60,
Girls Hostel,GH2,Kitchen Ette,,Masala Dosa,,80,
Girls Hostel,GH2,Kitchen Ette,,Onion Masala Dosa,,80,
Girls Hostel,GH2,Kitchen Ette,,Mysore Masala Dosa,,100,
Girls Hostel,GH2,Kitchen Ette,,Paneer Masala Dosa,,110,
Girls Hostel,GH2,Kitchen Ette,,Cheese Paneer Dosa,,150,
Girls Hostel,GH2,Kitchen Ette,,Veg. Uthpam,,100,
Girls Hostel,GH2,Kitchen Ette,,Onion Uthpam,,90,
Girls Hostel,GH2,Kitchen Ette,,Paneer Uthpam,,120,
Girls Hostel,GH2,Kitchen Ette,,Pizza Uthpam,,150,
Girls Hostel,GH2,Kitchen Ette,,Idli Sambhar,,70,
Girls Hostel,GH2,Kitchen Ette,,Fry Idly 2 Pcs,,90,
Girls Hostel,GH2,Kitchen Ette,,Tawa Fry Idly 2 Pcs,,90,
Girls Hostel,GH2,Kitchen Ette,,Vada Sambhar,,70,
Girls Hostel,GH2,Kitchen Ette,,Dahi Vada,,70,
Girls Hostel,GH2,Kitchen Ette,,Pani Puri,,40,
Girls Hostel,GH2,Kitchen Ette,,Dahi Golgappa,,50,
Girls Hostel,GH2,Kitchen Ette,,Dahi Bhalla,,80,
Girls Hostel,GH2,Kitchen Ette,,Papri Chaat,,80,
Girls Hostel,GH2,Kitchen Ette,,Raj Kachori,,90,
Girls Hostel,GH2,Kitchen Ette,,Aloo Lachha Tokri Chaat,,100,
Girls Hostel,GH2,Kitchen Ette,,Aloo Tikki,,80,
Girls Hostel,GH2,Kitchen Ette,,Cold Coffee,,60,
Girls Hostel,GH2,Kitchen Ette,,Hot Coffee,,35,
Girls Hostel,GH2,Kitchen Ette,,Hot Milk,,40,
Girls Hostel,GH2,Kitchen Ette,,Hot Bournvita,,60,
Girls Hostel,GH2,Kitchen Ette,,Tea,,15,
Girls Hostel,GH2,Kitchen Ette,,Lassi,,40,
Girls Hostel,GH2,Kitchen Ette,,Rooh Afza Shake,,60,
Girls Hostel,GH2,Kitchen Ette,,Chocolate Shake,,60,
Girls Hostel,GH2,Kitchen Ette,,Black Currant Shake,,60,
Girls Hostel,GH2,Kitchen Ette,,Oreo Shake,,60,
Girls Hostel,GH2,Kitchen Ette,,Strawberry Shake,,60,
Girls Hostel,GH2,Kitchen Ette,,Mango Shake,,60,
Girls Hostel,GH2,Kitchen Ette,,Banana Shake,,60,
Girls Hostel,GH2,Kitchen Ette,,Butterscotch Shake,,60,
Girls Hostel,GH2,Kitchen Ette,,Bournvita Shake,,60,
Girls Hostel,GH2,Kitchen Ette,,Paneer Gravy,,65,
Girls Hostel,GH2,Kitchen Ette,,Paneer Bhurji,,65,
Girls Hostel,GH2,Kitchen Ette,,Special Sabji,,50,
Girls Hostel,GH2,Kitchen Ette,,Dal Rajmah,,35,
Girls Hostel,GH2,Kitchen Ette,,Plain Dahi / Raita,,15,
Girls Hostel,GH2,Kitchen Ette,,Veg. Pulao,,40,
Girls Hostel,GH2,Kitchen Ette,,Plain Rice,,30,
Girls Hostel,GH2,Kitchen Ette,,Green Salad,,20,
Girls Hostel,GH2,Kitchen Ette,,Fried Rice + Manchurian,,120,
Girls Hostel,GH2,Kitchen Ette,,Fried Rice Pot Chilly,,120,
Girls Hostel,GH2,Kitchen Ette,,Fried Rice + Mashroom Chilly,,120,
Girls Hostel,GH2,Kitchen Ette,,Fried Rice + Paneer Chilly,,140,
Girls Hostel,GH2,Kitchen Ette,,Fried Rice Noodle,,120,
Girls Hostel,GH2,Kitchen Ette,,Fried Rice Chilly & Noodle,,120,
Girls Hostel,GH2,Kitchen Ette,,Noodle + Manchurian,,120,
Girls Hostel,GH2,Kitchen Ette,,Noodle Pot Chilly,,120,
Girls Hostel,GH2,Kitchen Ette,,Paneer Fried Rice,,120,
Girls Hostel,GH2,Kitchen Ette,,Mashroom Fried Rice,,120,
Girls Hostel,GH2,Kitchen Ette,,Shezwan Fried Rice,,120,
Girls Hostel,GH2,Kitchen Ette,,Veg. Manchurian,,80,
Girls Hostel,GH2,Kitchen Ette,,Veg. Noodle,,80,
Girls Hostel,GH2,Kitchen Ette,,Cheese Noodle,,90,
Girls Hostel,GH2,Kitchen Ette,,Singapuri Noodle,,90,
Girls Hostel,GH2,Kitchen Ette,,Chilly Garlic Noodle,,90,
Girls Hostel,GH2,Kitchen Ette,,Cheese Chilly,,110,
Girls Hostel,GH2,Kitchen Ette,,Mashroom Chilly,,110,
Girls Hostel,GH2,Kitchen Ette,,Chilly Potato,,80,
Girls Hostel,GH2,Kitchen Ette,,Honey Potato Chilly,,90,
Girls Hostel,GH2,Kitchen Ette,,Honey Paneer Chilly,,110,
Girls Hostel,GH2,Kitchen Ette,,Shezwan Paneer,,110,
Girls Hostel,GH2,Kitchen Ette,,Spring Roll,,80,
Girls Hostel,GH2,Kitchen Ette,,French Fries,,70,
Girls Hostel,GH2,Kitchen Ette,,Veg. Pulao + Paneer,,130,
Girls Hostel,GH2,Kitchen Ette,,Plain Rice + Paneer,,105,
Girls Hostel,GH2,Kitchen Ette,,Veg. Pulao + Raita,,90,
Girls Hostel,GH2,Kitchen Ette,,Rajmah + Rice,,80,
Girls Hostel,GH2,Kitchen Ette,,Karhi + Rice,,85,
Girls Hostel,GH2,Kitchen Ette,,Sambhar + Rice,,80,
Girls Hostel,GH2,Kitchen Ette,,1. Special Thali (2 Pc Chapati + Veg. Pulao + Paneer + Sabji + Dal/Raita + Salad + Pickel),,130,
Girls Hostel,GH2,Kitchen Ette,,2. Normal Thali (2 Pc Chapati + Plain Rice + Sabji + Dal/Raita + Salad + Pickel),,110,
Girls Hostel,GH2,Kitchen Ette,,3. South Indian Thali (Sambar + Pappu + Veg Curry + 3 Poori + Dahi/Raita),,110,
Girls Hostel,GH2,Kitchen Ette,,4. Makki Di Roti + Sarso Da Saag + Pickel + Salad + Makhan + Dahi,,110,
Girls Hostel,GH2,Kitchen Ette,,Paneer Prantha,,60,
Girls Hostel,GH2,Kitchen Ette,,Plain Prantha,,25,
Girls Hostel,GH2,Kitchen Ette,,Aloo Prantha,,40,
Girls Hostel,GH2,Kitchen Ette,,Onion Prantha,,40,
Girls Hostel,GH2,Kitchen Ette,,Mix Prantha,,50,
Girls Hostel,GH2,Kitchen Ette,,Mooli Prantha,,40,
Girls Hostel,GH2,Kitchen Ette,,Gobhi Prantha,,40,
Girls Hostel,GH2,Kitchen Ette,,Lacha Prantha,,45,
Girls Hostel,GH2,Kitchen Ette,,Plain Tawa Butter Roti,,10,
Girls Hostel,GH2,Kitchen Ette,,Cholley Bhature,,85,
Girls Hostel,GH2,Kitchen Ette,,Puri Cholley,,85,
UniMall,Unimall,CafeCoffeeDay,All-day Delights,Croissant,,162,
UniMall,Unimall,CafeCoffeeDay,All-day Delights,Grilled Sausage Croissant Sliders,,210,
UniMall,Unimall,CafeCoffeeDay,All-day Delights,Chocolate Croissant,,190,
UniMall,Unimall,CafeCoffeeDay,All-day Delights,Chocolate Muffin,,182,
UniMall,Unimall,CafeCoffeeDay,All-day Delights,Classic Garlic Bread,,133,
UniMall,Unimall,CafeCoffeeDay,All-day Delights,Toasty Paneer Garlic Bread,,152,
UniMall,Unimall,CafeCoffeeDay,All-day Delights,Chilli Cheese Toast,,133,
UniMall,Unimall,CafeCoffeeDay,All-day Delights,Spinach 'N' Corn Garlic Bread,,143,
UniMall,Unimall,CafeCoffeeDay,All-day Delights,Cheese Tomato Croissant Sliders,,200,
UniMall,Unimall,CafeCoffeeDay,All-day Delights,Tandoori Paneer Bun,,219,
UniMall,Unimall,CafeCoffeeDay,All-day Delights,Tandoori Chicken Bun,,219,
UniMall,Unimall,CafeCoffeeDay,All-day Delights,Smoked Chicken Garlic Bread,,152,
UniMall,Unimall,CafeCoffeeDay,All-day Delights,Tandoori Chicken Double Decker Sandwich,,276,
UniMall,Unimall,CafeCoffeeDay,All-day Delights,"Spinach, Corn 'N' Cheese Sandwich",,200,
UniMall,Unimall,CafeCoffeeDay,All-day Delights,Tandoori Chicken Sandwich,,219,
UniMall,Unimall,CafeCoffeeDay,All-day Delights,Smoked Chicken Sandwich,,219,
UniMall,Unimall,CafeCoffeeDay,All-day Delights,Smoked Chicken Double Decker Sandwich,,276,
UniMall,Unimall,CafeCoffeeDay,All-day Delights,Paneer Tikka Double Decker Sandwich,,276,
UniMall,Unimall,CafeCoffeeDay,All-day Delights,Paneer Tikka Sandwich,,219,
UniMall,Unimall,CafeCoffeeDay,Add-ons,Cheese Slice,,38,
UniMall,Unimall,CafeCoffeeDay,Add-ons,Single Croissant,,76,
UniMall,Unimall,CafeCoffeeDay,Add-ons,Single Chocolate Croissant,,95,
UniMall,Unimall,CafeCoffeeDay,Add-ons,Single Cheese and Tomato Croissant,,95,
UniMall,Unimall,CafeCoffeeDay,Add-ons,Single Grilled Sausage Croissant,,100,
UniMall,Unimall,CafeCoffeeDay,Hot Classics,Soya Cappuccino,,248,
UniMall,Unimall,CafeCoffeeDay,Hot Classics,Cappuccino (Regular),,195,
UniMall,Unimall,CafeCoffeeDay,Hot Classics,Cappuccino (King),,229,
UniMall,Unimall,CafeCoffeeDay,Hot Classics,Hot Velvet Coffee,,210,
UniMall,Unimall,CafeCoffeeDay,Hot Classics,Café Latte (Regular),,210,
UniMall,Unimall,CafeCoffeeDay,Hot Classics,Café Latte (King),,238,
UniMall,Unimall,CafeCoffeeDay,Hot Classics,Inverted Cappuccino,,210,
UniMall,Unimall,CafeCoffeeDay,Hot Classics,Espresso Doppio,,210,
UniMall,Unimall,CafeCoffeeDay,Hot Classics,Flavoured Affogatos,,276,
UniMall,Unimall,CafeCoffeeDay,Hot Classics,Lemon Green Coffee,,210,
UniMall,Unimall,CafeCoffeeDay,Hot Classics,Flat White,,200,
UniMall,Unimall,CafeCoffeeDay,Hot Classics,Honey Cinnamon Coffee,,200,
UniMall,Unimall,CafeCoffeeDay,Hot Classics,Café Americano (Standard),,190,
UniMall,Unimall,CafeCoffeeDay,Hot Classics,Café Americano (Strong),,219,
UniMall,Unimall,CafeCoffeeDay,Hot Classics,Filter Coffee,,195,
UniMall,Unimall,CafeCoffeeDay,Hot Classics,Espresso,,162,
UniMall,Unimall,CafeCoffeeDay,Hot Classics,Café Mocha,,229,
UniMall,Unimall,CafeCoffeeDay,Hot Classics,Flavoured Cappuccino,,248,
UniMall,Unimall,CafeCoffeeDay,Hot Classics,Flavoured Gourmet Belgian Hot Chocolate,,276,
UniMall,Unimall,CafeCoffeeDay,Hot Classics,Flavoured Latte,,257,
UniMall,Unimall,CafeCoffeeDay,Hot Classics,Irish Coffee,,248,
UniMall,Unimall,CafeCoffeeDay,Hot Classics,Gourmet Belgian Hot Chocolate,,229,
UniMall,Unimall,CafeCoffeeDay,Hot Classics Add-on,Espresso Shot,,48,
UniMall,Unimall,CafeCoffeeDay,Teas,Elaichi Chai,,190,
UniMall,Unimall,CafeCoffeeDay,Teas,Adrak Wali Chai,,190,
UniMall,Unimall,CafeCoffeeDay,Teas,Masala Chai,,190,
UniMall,Unimall,CafeCoffeeDay,Teas,Hot Chai Latte,,200,
UniMall,Unimall,CafeCoffeeDay,Teas,Assam,,238,
UniMall,Unimall,CafeCoffeeDay,Teas,Darjeeling,,238,
UniMall,Unimall,CafeCoffeeDay,Teas,Green Tea,,238,
UniMall,Unimall,CafeCoffeeDay,Teas,Green Jasmine,,257,
UniMall,Unimall,CafeCoffeeDay,Teas,Indian Spice Blend,,257,
UniMall,Unimall,CafeCoffeeDay,Teas,Herbal Tea,,257,
UniMall,Unimall,CafeCoffeeDay,Divine Desserts,Classic New York Cheesecake,,267,
UniMall,Unimall,CafeCoffeeDay,Divine Desserts,Signature Choco Fantasy,,210,
UniMall,Unimall,CafeCoffeeDay,Divine Desserts,Red Velvet Heaven,,200,
UniMall,Unimall,CafeCoffeeDay,Divine Desserts,Hazelnut Brownie,,190,
UniMall,Unimall,CafeCoffeeDay,Divine Desserts,Strawbelicious Cheesecake,,286,
UniMall,Unimall,CafeCoffeeDay,Cakes,Red Velvet Cake,,643,
UniMall,Unimall,CafeCoffeeDay,Cakes,Butterscotch Crunch Cake,,643,
UniMall,Unimall,CafeCoffeeDay,Cakes,Dutch Truffle Cake,,643,
UniMall,Unimall,CafeCoffeeDay,Sundaes,Gooey Fudgy Brownie Sundae,,295,
UniMall,Unimall,CafeCoffeeDay,Sundaes,Caramel Me Sundae,,257,
UniMall,Unimall,CafeCoffeeDay,Sundaes,Chocolate Nirvana Sundae,,305,
UniMall,Unimall,CafeCoffeeDay,Sundaes,Classic Hot Fudge Sundae,,257,
UniMall,Unimall,CafeCoffeeDay,Sundaes,Sizzle My Brownie Sundae,,276,
UniMall,Unimall,CafeCoffeeDay,Sundaes,Merry Berry Sundae,,267,
UniMall,Unimall,CafeCoffeeDay,Sundaes,Death by Chocolate Sundae,,357,
UniMall,Unimall,CafeCoffeeDay,Dessert Add-ons,Caramel Sauce,,38,
UniMall,Unimall,CafeCoffeeDay,Dessert Add-ons,Chocolate Fudge,,38,
UniMall,Unimall,CafeCoffeeDay,Ice Cream,Vanilla Ice Cream Scoops,,120,
UniMall,Unimall,CafeCoffeeDay,Ice Cream,Chocolate Ice Cream Scoops,,120,
UniMall,Unimall,CafeCoffeeDay,Iced Coffees,Iced Filter Coffee,,238,
UniMall,Unimall,CafeCoffeeDay,Iced Coffees,Iced Cappuccino,,238,
UniMall,Unimall,CafeCoffeeDay,Iced Coffees,Iced Latte,,238,
UniMall,Unimall,CafeCoffeeDay,Iced Coffees,Iced Mocha,,248,
UniMall,Unimall,CafeCoffeeDay,Iced Coffees,Iced Americano,,210,
UniMall,Unimall,CafeCoffeeDay,Refreshers,Watermelon Granita,,210,
UniMall,Unimall,CafeCoffeeDay,Refreshers,Watermelon Mojito,,210,
UniMall,Unimall,CafeCoffeeDay,Refreshers,Peach Iced Tea,,210,
UniMall,Unimall,CafeCoffeeDay,Refreshers,Classic Lemonade,,210,
UniMall,Unimall,CafeCoffeeDay,Refreshers,Iced Chai Latte,,210,
UniMall,Unimall,CafeCoffeeDay,Refreshers,Lemon Iced Tea,,210,
UniMall,Unimall,Suto,Dessert - Waffles,Classic Waffle,,89,
UniMall,Unimall,Suto,Dessert - Waffles,Chocolate Waffle,,99,
UniMall,Unimall,Suto,Dessert - Waffles,Brownie Waffle,,109,
UniMall,Unimall,Suto,Dessert - Waffles,Hot Kitkat Waffle,,109,
UniMall,Unimall,Suto,Dessert - Waffles,Nutella Waffle,,129,
UniMall,Unimall,Suto,Dessert - Waffles Add On,Chocolate Sauce,,19,Add On
UniMall,Unimall,Suto,Dessert - Waffles Add On,Vanilla Ice Cream,,39,Add On
UniMall,Unimall,Suto,Dessert - Waffles Add On,Dark Chocolate,,39,Add On
UniMall,Unimall,Suto,Dessert - Waffles Add On,Chocolate Ice Cream,,49,Add On
UniMall,Unimall,Suto,Dessert - Brownie,Brownie,,89,
UniMall,Unimall,Suto,Dessert - Brownie,Nutella Brownie,,99,
UniMall,Unimall,Suto,Dessert - Brownie,Sizzler Brownie,,109,
UniMall,Unimall,Suto,Dessert - Brownie Add On,Ice Cream,,39,Add On
UniMall,Unimall,Suto,Dessert - Brownie Add On,Chocolate Ice Cream,,49,Add On
UniMall,Unimall,Suto,Burger,Aloo Tikki Burger,,69,
UniMall,Unimall,Suto,Burger,Veg Patty Burger,,79,
UniMall,Unimall,Suto,Burger,Veggie Delight Burger,,99,
UniMall,Unimall,Suto,Burger,Mexican Burger,,109,
UniMall,Unimall,Suto,Burger,Spicy Paneer Burger,,119,
UniMall,Unimall,Suto,Burger Add On,Cheese Slice,,29,Add On
UniMall,Unimall,Suto,Sandwich,Masala Toast Sandwich,,79,
UniMall,Unimall,Suto,Sandwich,Cold Sandwich,,79,
UniMall,Unimall,Suto,Sandwich,Cheese Corn Sandwich,,89,
UniMall,Unimall,Suto,Sandwich,Grilled Cheese Sandwich,,89,
UniMall,Unimall,Suto,Sandwich,Chocolate Sandwich,,99,
UniMall,Unimall,Suto,Sandwich,Mexican Sandwich,,99,
UniMall,Unimall,Suto,Sandwich,Vegetable Club Sandwich,,109,
UniMall,Unimall,Suto,Sandwich,Paneer Tikka Sandwich,,119,
UniMall,Unimall,Suto,Sandwich,Pizza Sandwich,,139,
UniMall,Unimall,Suto,Sandwich Add On,Cheese Slice,,29,Add On
UniMall,Unimall,Suto,Sandwich Add On,Garlic Chilli Chutney Dip,,29,Add On
UniMall,Unimall,Suto,Pizza - Small,Pizza Margherita,,89,
UniMall,Unimall,Suto,Pizza - Small,Cheese Corn Pizza,,99,
UniMall,Unimall,Suto,Pizza - Small,Veg Otc Pizza,,109,
UniMall,Unimall,Suto,Pizza - Small,Three Pepper Pizza,,129,
UniMall,Unimall,Suto,Pizza - Small,Farmhouse Pizza,,139,
UniMall,Unimall,Suto,Pizza - Small,Tandoori Paneer Pizza,,149,
UniMall,Unimall,Suto,Stuff Garlic Bread,Stuff Garlic Bread,,99,
UniMall,Unimall,Suto,Stuff Garlic Bread,Cheese Garlic Bread,,109,
UniMall,Unimall,Suto,Stuff Garlic Bread,Chilli Cheese Garlic Bread,,119,
UniMall,Unimall,Suto,Stuff Garlic Bread,Loaded Garlic Bread,,129,
UniMall,Unimall,Suto,Puff,Tandoori Chatpata Puff,,69,
UniMall,Unimall,Suto,Puff,Firangi Puff,,89,
UniMall,Unimall,Suto,Puff,Schezwan Cheese Puff,,89,
UniMall,Unimall,Suto,Puff,Makhani Masala Puff,,99,
UniMall,Unimall,Suto,Fries,French Fries Salted,,89,
UniMall,Unimall,Suto,Fries,Peri Peri French Fries,,99,
UniMall,Unimall,Suto,Fries,Potato Garlic Wedges,,109,
UniMall,Unimall,Suto,Fries,Cheese Fries,,109,
UniMall,Unimall,Suto,Fries Add On,Cheese Dip,,29,Add On
UniMall,Unimall,Suto,Fries Add On,Jalapeno Dip,,29,Add On
UniMall,Unimall,Suto,Wrap & Rolls,Cheese Potato Wrap,,89,
UniMall,Unimall,Suto,Wrap & Rolls,Mexican Potato Wrap,,99,
UniMall,Unimall,Suto,Wrap & Rolls,Veg Falafel Wrap,,109,
UniMall,Unimall,Suto,Wrap & Rolls,Paneer Wrap,,129,
UniMall,Unimall,Suto,Chinese,Veg Noodle,,89,
UniMall,Unimall,Suto,Chinese,Veg Manchurian Gravy,,109,
UniMall,Unimall,Suto,Chinese,Veg Manchurian Dry,,129,
UniMall,Unimall,Suto,Chinese,Chilli Paneer,,249,
UniMall,Unimall,Suto,Salad,Sprout Salad,,99,
UniMall,Unimall,Suto,Salad,Sweet Corn Salad,,119,
UniMall,Unimall,Suto,Salad,Greek Salad,,249,
UniMall,Unimall,Suto,Salad,Paneer Salad,,299,
UniMall,Unimall,Suto,Maggi,Classic Maggi,,59,
UniMall,Unimall,Suto,Maggi,Double Masala Maggi,,69,
UniMall,Unimall,Suto,Maggi,Tandoori Maggi,,79,
UniMall,Unimall,Suto,Maggi,Veg Maggi,,89,
UniMall,Unimall,Suto,Maggi,Cheese Corn Maggi,,99,
UniMall,Unimall,Suto,Maggi,Cheese Butter Maggi,,99,
UniMall,Unimall,Suto,Maggi,Burnt Garlic Maggi,,109,
UniMall,Unimall,Suto,Heavy Meals,Aloo Paratha With Curd,,59,
UniMall,Unimall,Suto,Heavy Meals,Paneer Paratha With Curd,,79,
UniMall,Unimall,Suto,Heavy Meals,Pav Bhaji,,89,
UniMall,Unimall,Suto,Heavy Meals,Desi Butter Khichdi,,99,
UniMall,Unimall,Suto,Heavy Meals,Rajma Masala With Paratha/Rice,,99,
UniMall,Unimall,Suto,Heavy Meals,Punjabi Chhola With Paratha/Rice,,99,
UniMall,Unimall,Suto,Heavy Meals,Dal Makhani With Paratha/Rice,,99,
UniMall,Unimall,Suto,Heavy Meals,Methi Matar Malai With Paratha/Rice,,99,
UniMall,Unimall,Suto,Heavy Meals Add On,Extra Curd,,20,Add On
UniMall,Unimall,Suto,Heavy Meals Add On,Plain Paratha,,29,Add On
UniMall,Unimall,Suto,Heavy Meals Add On,Aloo Paratha,,39,Add On
UniMall,Unimall,Suto,Heavy Meals Add On,Paneer Paratha,,59,Add On
UniMall,Unimall,Suto,Pasta,Red Sauce Pasta,,99,
UniMall,Unimall,Suto,Pasta,White Sauce Pasta,,109,
UniMall,Unimall,Suto,Pasta,Mix Sauce Pasta,,129,
UniMall,Unimall,Suto,Pasta Add On,Cheese Grated,,29,Add On
UniMall,Unimall,Suto,Combos,Aloo Tikki Combo,,150,Aloo Tikki Burger + Thick Cold Coffee
UniMall,Unimall,Suto,Combos,Pizza Combo,,220,Simply Veg Pizza + Plain Maggi + Mojito
UniMall,Unimall,Suto,Combos,Suto Puff Combo,,250,Makhani Masala Puff + Mojito + Brownie
UniMall,Unimall,Suto,Combos,Suto Falafel Combo,,260,Falafel Wrap + French Fries + Lemon Ice Tea
UniMall,Unimall,Suto,Ice Tea (250ml),Lemon Ice Tea,,89,
UniMall,Unimall,Suto,Ice Tea (250ml),Kiwi Ice Tea,,99,
UniMall,Unimall,Suto,Ice Tea (250ml),Strawberry Ice Tea,,99,
UniMall,Unimall,Suto,Ice Tea (250ml),Peach Ice Tea,,109,
UniMall,Unimall,Suto,Mocktails,Lemon Soda,,89,
UniMall,Unimall,Suto,Mocktails,Mint Mojito,,99,
UniMall,Unimall,Suto,Mocktails,Blue Blast,,109,
UniMall,Unimall,Suto,Mocktails,Peach Mojito,,109,
UniMall,Unimall,Suto,Mocktails,Berry Mojito,,109,
UniMall,Unimall,Suto,Mocktails,Green Apple,,109,
UniMall,Unimall,180o5,Pizzas,Margherita,,199,Extra cheese
UniMall,Unimall,180o5,Pizzas,Single Veggie,,179,Capsicum/Onion/Tomato/Corn
UniMall,Unimall,180o5,Pizzas,Farmhouse,,219,"Capsicum, Onion, Tomato"
UniMall,Unimall,180o5,Pizzas,Veggie Paneer,,249,Paneer
UniMall,Unimall,180o5,Pizzas,Signature,,299,Loaded
UniMall,Unimall,180o5,Pizzas,Double Cheese,,49,
UniMall,Unimall,180o5,Pizzas,Cheese Burst,,69,
UniMall,Unimall,180o5,Edibles,Salted,,109,
UniMall,Unimall,180o5,Edibles,Peri Peri,,129,
UniMall,Unimall,180o5,Edibles,Cheese,,159,
UniMall,Unimall,180o5,Edibles,Classic Burger,,89,
UniMall,Unimall,180o5,Edibles,Veggie Burger,,109,
UniMall,Unimall,180o5,Edibles,Crispy Paneer,,139,
UniMall,Unimall,180o5,Edibles,Alfredo,,139,
UniMall,Unimall,180o5,Edibles,Arrabiata,,139,
UniMall,Unimall,180o5,Edibles,Pink Pasta,,139,
UniMall,Unimall,180o5,Edibles,Cheese,,35,
UniMall,Unimall,180o5,Edibles,Pan Cakes,,135,Maple/Blueberry/Chocolate
UniMall,Unimall,180o5,Edibles,Chocolate Brownie,,89,
UniMall,Unimall,180o5,Edibles,Sizzling Brownie,,149,
UniMall,Unimall,180o5,Edibles,Vanilla,,70,
UniMall,Unimall,180o5,Edibles,Chocolate,,89,
UniMall,Unimall,180o5,Edibles,Belgium,,109,
UniMall,Unimall,180o5,Edibles,Classic,,109,
UniMall,Unimall,180o5,Edibles,Peanut,,119,
UniMall,Unimall,180o5,Edibles,Paneer,,139,
UniMall,Unimall,180o5,Edibles,Quinoa,,139,
UniMall,Unimall,180o5,Edibles,Grilled,,85,
UniMall,Unimall,180o5,Edibles,Cheese,,109,
UniMall,Unimall,180o5,Edibles,Paneer,,129,
UniMall,Unimall,180o5,Edibles,Cheese,,39,
UniMall,Unimall,180o5,Edibles,Classic Nachos,,109,
UniMall,Unimall,180o5,Edibles,Cheese Nachos,,139,
UniMall,Unimall,180o5,Edibles,Classic Knots,,99,
UniMall,Unimall,180o5,Edibles,Cheese Knots,,129,
UniMall,Unimall,180o5,Beverages,Espresso,,79,
UniMall,Unimall,180o5,Beverages,Affogato,,129,
UniMall,Unimall,180o5,Beverages,Long Black,,109,
UniMall,Unimall,180o5,Beverages,Cappuccino,,129,
UniMall,Unimall,180o5,Beverages,Cafe Latte,,149,
UniMall,Unimall,180o5,Beverages,Mochaccino,,159,
UniMall,Unimall,180o5,Beverages,Macchiato,,109,
UniMall,Unimall,180o5,Beverages,Cortado,,109,
UniMall,Unimall,180o5,Beverages,Vietnamese Coffee,,139,
UniMall,Unimall,180o5,Beverages,Matcha Latte,,169,
UniMall,Unimall,180o5,Beverages,Hot Chocolate,,149,
UniMall,Unimall,180o5,Beverages,Kadak Chai,,99,
UniMall,Unimall,180o5,Beverages,Green Tea,,99,
UniMall,Unimall,180o5,Beverages,Cardamom/Ginger,,109,
UniMall,Unimall,180o5,Beverages,Masala Chai,,109,
UniMall,Unimall,180o5,Beverages,Vanilla/Hazelnut/Caramel/Tiramisu/Irish,,45,
UniMall,Unimall,180o5,Beverages,Iced Americano,,129,
UniMall,Unimall,180o5,Beverages,Iced Cappuccino,,169,
UniMall,Unimall,180o5,Beverages,Iced Latte,,179,
UniMall,Unimall,180o5,Beverages,Iced Mocha,,189,
UniMall,Unimall,180o5,Beverages,Iced Vietnamese,,189,
UniMall,Unimall,180o5,Beverages,Cafe Frappe,,209,
UniMall,Unimall,180o5,Beverages,Brownie Frappe,,239,
UniMall,Unimall,180o5,Beverages,Oreo Frappe,,239,
UniMall,Unimall,180o5,Beverages,Vanilla Shake,,169,
UniMall,Unimall,180o5,Beverages,Chocolate Shake,,179,
UniMall,Unimall,180o5,Beverages,Blueberry Shake,,179,
UniMall,Unimall,180o5,Beverages,Strawberry Shake,,179,
UniMall,Unimall,180o5,Beverages,Oreo Shake,,189,
UniMall,Unimall,180o5,Beverages,Brownie Shake,,189,
UniMall,Unimall,180o5,Beverages,Boba Pearls,,35,
UniMall,Unimall,180o5,Beverages,Mint Lemonade,,119,
UniMall,Unimall,180o5,Beverages,Peach Lemonade,,119,
UniMall,Unimall,180o5,Beverages,Blueberry Lemonade,,119,
UniMall,Unimall,180o5,Beverages,Blue Ocean Lemonade,,119,
UniMall,Unimall,180o5,Beverages,Strawberry Lemonade,,119,
UniMall,Unimall,180o5,Beverages,Watermelon Lemonade,,119,
UniMall,Unimall,180o5,Beverages,Green Apple Lemonade,,119,
UniMall,Unimall,180o5,Beverages,Peach Ice Tea,,129,
UniMall,Unimall,180o5,Beverages,Lemon Ice Tea,,129,
UniMall,Unimall,180o5,Beverages,Blueberry Ice Tea,,129,
UniMall,Unimall,180o5,Beverages,Watermelon Ice Tea,,129,
UniMall,Unimall,Moms_Kitchen,Khali Pet Ke Liye Thali,Simple Thali,,99,
UniMall,Unimall,Moms_Kitchen,Khali Pet Ke Liye Thali,Premium Thali,,129,
UniMall,Unimall,Moms_Kitchen,Indian Special Roti Combos,Mix Veg + 3 Butter Roti + Salad,,59,
UniMall,Unimall,Moms_Kitchen,Indian Special Roti Combos,Chhole/Rajma + Yellow Dal + 3 Butter Tawa Roti + Salad,,69,
UniMall,Unimall,Moms_Kitchen,Indian Special Roti Combos,Dal Makhani/Mutter Paneer + 3 Butter Tawa Roti + Salad,,79,
UniMall,Unimall,Moms_Kitchen,Tawa Parathas,Simple Paratha,,20,
UniMall,Unimall,Moms_Kitchen,Tawa Parathas,Green Chilli Masala Paratha,,25,
UniMall,Unimall,Moms_Kitchen,Tawa Parathas,Onion Paratha,,40,
UniMall,Unimall,Moms_Kitchen,Tawa Parathas,Aloo Paratha,,35,
UniMall,Unimall,Moms_Kitchen,Tawa Parathas,Mix Paratha,,45,
UniMall,Unimall,Moms_Kitchen,Tawa Parathas,Paneer Paratha,,50,
UniMall,Unimall,Moms_Kitchen,Tawa Parathas,Amul Butter Tikki Extra,,10,
UniMall,Unimall,Moms_Kitchen,Paratha Combo,Aloo + Curd + Chole,,55,
UniMall,Unimall,Moms_Kitchen,Paratha Combo,Onion + Curd + Chole,,60,
UniMall,Unimall,Moms_Kitchen,Paratha Combo,Mix + Curd + Chole,,70,
UniMall,Unimall,Moms_Kitchen,Paratha Combo,Paneer + Curd + Chole,,80,
UniMall,Unimall,Moms_Kitchen,Paratha Combo,Butter Tikki,,10,
UniMall,Unimall,Moms_Kitchen,Indian Breads,Butter Tawa Roti,,10,
UniMall,Unimall,Moms_Kitchen,Indian Breads,Rumali Roti,,15,
UniMall,Unimall,Moms_Kitchen,Indian Breads,Puri,,15,
UniMall,Unimall,Moms_Kitchen,Indian Breads,Bhatura,,15,
UniMall,Unimall,Moms_Kitchen,Indian Breads,Lachha Paratha,,30,
UniMall,Unimall,Moms_Kitchen,Indian Breads,Butter Naan,,30,
UniMall,Unimall,Lovely Sweets,Chaat Section,Paani Gol Gappa,,65,
UniMall,Unimall,Lovely Sweets,Chaat Section,Dahi Gol Gappa,,100,
UniMall,Unimall,Lovely Sweets,Chaat Section,Dahi Bhalla,,110,
UniMall,Unimall,Lovely Sweets,Chaat Section,Papdi Dahi Bhalla,,110,
UniMall,Unimall,Lovely Sweets,Chaat Section,Papdi Chaat,,110,
UniMall,Unimall,Lovely Sweets,Chaat Section,Raj Kachori,,140,
UniMall,Unimall,Lovely Sweets,Street Food,Samosa Chana Chaat (2pcs),,130,
UniMall,Unimall,Lovely Sweets,Street Food,Samosa Natkhat Chana Chaat (2pcs),,130,
UniMall,Unimall,Lovely Sweets,Street Food,Aloo Tikki (2pcs),,140,
UniMall,Unimall,Lovely Sweets,Street Food,Matar Kulcha (2pcs),,160,
UniMall,Unimall,Lovely Sweets,Street Food,Pav Bhaji,,170,
UniMall,Unimall,Lovely Sweets,Coolers,Fresh Lime Soda,,105,
UniMall,Unimall,Lovely Sweets,Coolers,Masala Lemonade,,105,
UniMall,Unimall,Lovely Sweets,Coolers,Peach Lemonade,,125,
UniMall,Unimall,Lovely Sweets,Coolers,Pink Lemonade,,125,
UniMall,Unimall,Lovely Sweets,Coolers,Masala Coke,,125,
UniMall,Unimall,Lovely Sweets,Coolers,Ginger Ale,,125,
UniMall,Unimall,Lovely Sweets,Coolers,Green Apple Soda,,125,
UniMall,Unimall,Lovely Sweets,Coolers,Ocean Blue (Ice Based),,125,
UniMall,Unimall,Lovely Sweets,Mojitos,Classic Virgin Mojito,,135,
UniMall,Unimall,Lovely Sweets,Mojitos,Luscious Mango,,135,
UniMall,Unimall,Lovely Sweets,Mojitos,Water Melon,,135,
UniMall,Unimall,Lovely Sweets,Mojitos,Passion Fruit,,135,
UniMall,Unimall,Lovely Sweets,Mojitos,Green Apple,,135,
UniMall,Unimall,Lovely Sweets,Mojitos,Peach Mojito,,135,
UniMall,Unimall,Lovely Sweets,Mojitos,Blue Moon Mojito,,135,
UniMall,Unimall,Lovely Sweets,Shakes,Chocolate Shake,,105,
UniMall,Unimall,Lovely Sweets,Shakes,Strawberry Shake,,105,
UniMall,Unimall,Lovely Sweets,Shakes,Vanilla Shake,,105,
UniMall,Unimall,Lovely Sweets,Shakes,Pineapple Shake,,105,
UniMall,Unimall,Lovely Sweets,Shakes,Mango Shake,,105,
UniMall,Unimall,Lovely Sweets,Shakes,Banana Shake,,105,
UniMall,Unimall,Lovely Sweets,Shakes,Black Current Shake,,125,
UniMall,Unimall,Lovely Sweets,Desserts,Vanilla Fudge Sundae,,120,
UniMall,Unimall,Lovely Sweets,Desserts,Hot Brownie Sundae,,160,
UniMall,Unimall,Lovely Sweets,Desserts,Bourbon Sundae,,160,
UniMall,Unimall,Lovely Sweets,Desserts,Choco Truffle Sundae,,160,
UniMall,Unimall,Lovely Sweets,Add On Extra,Syrup Chocolate,,30,
UniMall,Unimall,Lovely Sweets,Add On Extra,Ice Cream Scoop Vanilla,,40,
UniMall,Unimall,Lovely Sweets,Add On Extra,Ice Cream Scoop Chocolate,,40,
UniMall,Unimall,Lovely Sweets,Hot Beverage,Hot Chocolate,,125,
UniMall,Unimall,Lovely Sweets,Signature Shakes,Kesar Elaichi Shake,,145,
UniMall,Unimall,Lovely Sweets,Signature Shakes,Brownie Blast Shake,,185,
UniMall,Unimall,Lovely Sweets,Signature Shakes,Truffle Shake,,185,
UniMall,Unimall,Lovely Sweets,Signature Shakes,Cafe Brownie Shake,,185,
UniMall,Unimall,Lovely Sweets,Signature Shakes,Kit Kat Shake,,185,
UniMall,Unimall,Lovely Sweets,Signature Shakes,Oreo Shake,,185,
UniMall,Unimall,Lovely Sweets,Mocktails,Monday Blue (Milk Based),,165,
UniMall,Unimall,Lovely Sweets,Mocktails,Pina Colada (Milk Based),,165,
UniMall,Unimall,Lovely Sweets,Ice Tea,Lemon Ice Tea,,110,
UniMall,Unimall,Lovely Sweets,Ice Tea,Peach Ice Tea,,110,
UniMall,Unimall,Lovely Sweets,Sandwiches,Veg & Corn Sandwich With Plain Chips,,145,
UniMall,Unimall,Lovely Sweets,Sandwiches,Creamy Veggies Sandwich,,160,
UniMall,Unimall,Lovely Sweets,Sandwiches,Vegetable Grilled Sandwich,,200,
UniMall,Unimall,Lovely Sweets,Sandwiches,Paneer Tikka Grilled Sandwich,,230,
UniMall,Unimall,Lovely Sweets,Pasta,Penne Alfredo (White Cheese Sauce),,310,
UniMall,Unimall,Lovely Sweets,Pasta,Penne Arrabiata (Spicy Tomato Sauce),,310,
UniMall,Unimall,Lovely Sweets,Pasta,Mix Sauce Pasta (Pink Sauce),,320,
UniMall,Unimall,Lovely Sweets,Continental,Cheese Garlic Bread,,180,
UniMall,Unimall,Lovely Sweets,Rice,Fried Rice With Chilli Cheese Combo,,230,
UniMall,Unimall,Lovely Sweets,Rice,Fried Rice With Manchurian Combo,,230,
UniMall,Unimall,Lovely Sweets,Pizza,Margherita Pizza (Slice),,100,
UniMall,Unimall,Lovely Sweets,Pizza,Margherita Pizza (Full),,300,
UniMall,Unimall,Lovely Sweets,Pizza,Sweet Corn Pizza (Slice),,100,
UniMall,Unimall,Lovely Sweets,Pizza,Sweet Corn Pizza (Full),,310,
UniMall,Unimall,Lovely Sweets,Pizza,All Veggies Pizza (Slice),,100,
UniMall,Unimall,Lovely Sweets,Pizza,All Veggies Pizza (Full),,320,
UniMall,Unimall,Lovely Sweets,Pizza,Spicy Treat Pizza (Slice),,120,
UniMall,Unimall,Lovely Sweets,Pizza,Spicy Treat Pizza (Full),,380,
UniMall,Unimall,Lovely Sweets,Pizza,Peri Peri Veg Pizza (Slice),,120,
UniMall,Unimall,Lovely Sweets,Pizza,Peri Peri Veg Pizza (Full),,390,
UniMall,Unimall,Lovely Sweets,Pizza,Paneer Makhni Pizza (Slice),,120,
UniMall,Unimall,Lovely Sweets,Pizza,Paneer Makhni Pizza (Full),,390,
UniMall,Unimall,Lovely Sweets,Burger,Crispy Potato Burger,,60,
UniMall,Unimall,Lovely Sweets,Burger,Veggie King Burger,,95,
UniMall,Unimall,Lovely Sweets,Burger,Paneer Makhani Burger,,150,
UniMall,Unimall,Lovely Sweets,Burger,Cheese Burger + French Fries,,210,
UniMall,Unimall,Lovely Sweets,Burger,Paneer Burger + French Fries,,210,
UniMall,Unimall,Lovely Sweets,Noodles,Veg. Hakka Noodles,,200,
UniMall,Unimall,Lovely Sweets,Noodles,Chilly Garlic Noodles,,200,
UniMall,Unimall,Lovely Sweets,Noodles,Singapore Noodles,,200,
UniMall,Unimall,Lovely Sweets,Noodles,Vegetables Manchurian with Gravy,,250,
UniMall,Unimall,Lovely Sweets,Noodles,Cheese Chilli,,290,
UniMall,Unimall,Arabica,Burger,Aloo Tikki Burger,,30,
UniMall,Unimall,Arabica,Burger,Cheese Burger,,35,
UniMall,Unimall,Arabica,Sandwiches,Veggie,,50,
UniMall,Unimall,Arabica,Sandwiches,Cheese & Corn,,55,
UniMall,Unimall,Arabica,Sandwiches,Crispy Potato,,30,
UniMall,Unimall,Arabica,Sides,Fries,,50,
UniMall,Unimall,Arabica,Sides,Nuggets,,55,
UniMall,Unimall,Arabica,Sides,Cheesy Fries,,60,
UniMall,Unimall,Arabica,Sides,Maggi,,30,
UniMall,Unimall,Arabica,Coffee / Tea,Latte,,30,
UniMall,Unimall,Arabica,Coffee / Tea,Cappuccino,,25,
UniMall,Unimall,Arabica,Coffee / Tea,Masala Tea,,15,
UniMall,Unimall,Arabica,Pizza,Veggie Pizza,,30,
UniMall,Unimall,Arabica,Pizza,Veggie Pizza,,120,
UniMall,Unimall,Arabica,Pizza,Cheese Pizza,,25,
UniMall,Unimall,Arabica,Pizza,Cheese Pizza,,100,
UniMall,Unimall,Baskin Robbins,Timeless,Fresh Alphonso Mango,Scoop - Small,₹79,
UniMall,Unimall,Baskin Robbins,Timeless,Fresh Alphonso Mango,Scoop - Regular,₹109,
UniMall,Unimall,Baskin Robbins,Timeless,Fresh Alphonso Mango,Scoop - Large,₹148,
UniMall,Unimall,Baskin Robbins,Timeless,Fresh Alphonso Mango,Homepack - Family Pack,₹262,
UniMall,Unimall,Baskin Robbins,Timeless,Fresh Alphonso Mango,Homepack - Large Pack,₹509,
UniMall,Unimall,Baskin Robbins,Timeless,Fresh Alphonso Mango,Mega Saver Pack (Selected),₹345,
UniMall,Unimall,Baskin Robbins,Timeless,Fresh Alphonso Mango,Value Pack (All Flavours),₹349,
UniMall,Unimall,Baskin Robbins,Timeless,Fresh Chikoo,Scoop - Small,₹79,
UniMall,Unimall,Baskin Robbins,Timeless,Fresh Chikoo,Scoop - Regular,₹109,
UniMall,Unimall,Baskin Robbins,Timeless,Fresh Chikoo,Scoop - Large,₹148,
UniMall,Unimall,Baskin Robbins,Timeless,Fresh Chikoo,Homepack - Family Pack,₹262,
UniMall,Unimall,Baskin Robbins,Timeless,Fresh Chikoo,Homepack - Large Pack,₹509,
UniMall,Unimall,Baskin Robbins,Timeless,Fresh Chikoo,Mega Saver Pack (Selected),₹345,
UniMall,Unimall,Baskin Robbins,Timeless,Fresh Chikoo,Value Pack (All Flavours),₹349,
UniMall,Unimall,Baskin Robbins,Timeless,Fresh Very Berry Strawberry,Scoop - Small,₹79,
UniMall,Unimall,Baskin Robbins,Timeless,Fresh Very Berry Strawberry,Scoop - Regular,₹109,
UniMall,Unimall,Baskin Robbins,Timeless,Fresh Very Berry Strawberry,Scoop - Large,₹148,
UniMall,Unimall,Baskin Robbins,Timeless,Fresh Very Berry Strawberry,Homepack - Family Pack,₹262,
UniMall,Unimall,Baskin Robbins,Timeless,Fresh Very Berry Strawberry,Homepack - Large Pack,₹509,
UniMall,Unimall,Baskin Robbins,Timeless,Fresh Very Berry Strawberry,Mega Saver Pack (Selected),₹345,
UniMall,Unimall,Baskin Robbins,Timeless,Fresh Very Berry Strawberry,Value Pack (All Flavours),₹349,
UniMall,Unimall,Baskin Robbins,Timeless,Fresh Tender Coconut,Scoop - Small,₹79,
UniMall,Unimall,Baskin Robbins,Timeless,Fresh Tender Coconut,Scoop - Regular,₹109,
UniMall,Unimall,Baskin Robbins,Timeless,Fresh Tender Coconut,Scoop - Large,₹148,
UniMall,Unimall,Baskin Robbins,Timeless,Fresh Tender Coconut,Homepack - Family Pack,₹262,
UniMall,Unimall,Baskin Robbins,Timeless,Fresh Tender Coconut,Homepack - Large Pack,₹509,
UniMall,Unimall,Baskin Robbins,Timeless,Fresh Tender Coconut,Mega Saver Pack (Selected),₹345,
UniMall,Unimall,Baskin Robbins,Timeless,Fresh Tender Coconut,Value Pack (All Flavours),₹349,
UniMall,Unimall,Baskin Robbins,Timeless,Fresh Litchi,Scoop - Small,₹79,
UniMall,Unimall,Baskin Robbins,Timeless,Fresh Litchi,Scoop - Regular,₹109,
UniMall,Unimall,Baskin Robbins,Timeless,Fresh Litchi,Scoop - Large,₹148,
UniMall,Unimall,Baskin Robbins,Timeless,Fresh Litchi,Homepack - Family Pack,₹262,
UniMall,Unimall,Baskin Robbins,Timeless,Fresh Litchi,Homepack - Large Pack,₹509,
UniMall,Unimall,Baskin Robbins,Timeless,Fresh Litchi,Mega Saver Pack (Selected),₹345,
UniMall,Unimall,Baskin Robbins,Timeless,Fresh Litchi,Value Pack (All Flavours),₹349,
UniMall,Unimall,Baskin Robbins,Timeless,Vanilla,Scoop - Small,₹79,
UniMall,Unimall,Baskin Robbins,Timeless,Vanilla,Scoop - Regular,₹109,
UniMall,Unimall,Baskin Robbins,Timeless,Vanilla,Scoop - Large,₹148,
UniMall,Unimall,Baskin Robbins,Timeless,Vanilla,Homepack - Family Pack,₹248,
UniMall,Unimall,Baskin Robbins,Timeless,Vanilla,Homepack - Large Pack,₹489,
UniMall,Unimall,Baskin Robbins,Timeless,Vanilla,Value Pack,₹329,
UniMall,Unimall,Baskin Robbins,Timeless,Three Cheers Chocolate,Scoop - Small,₹79,
UniMall,Unimall,Baskin Robbins,Timeless,Three Cheers Chocolate,Scoop - Regular,₹109,
UniMall,Unimall,Baskin Robbins,Timeless,Three Cheers Chocolate,Scoop - Large,₹148,
UniMall,Unimall,Baskin Robbins,Timeless,Three Cheers Chocolate,Homepack - Family Pack,₹262,
UniMall,Unimall,Baskin Robbins,Timeless,Three Cheers Chocolate,Homepack - Large Pack,₹509,
UniMall,Unimall,Baskin Robbins,Timeless,Three Cheers Chocolate,Mega Saver Pack (Selected),₹345,
UniMall,Unimall,Baskin Robbins,Timeless,Three Cheers Chocolate,Value Pack (All Flavours),₹349,
UniMall,Unimall,Baskin Robbins,Timeless,Splish Splash,Scoop - Small,₹79,
UniMall,Unimall,Baskin Robbins,Timeless,Splish Splash,Scoop - Regular,₹109,
UniMall,Unimall,Baskin Robbins,Timeless,Splish Splash,Scoop - Large,₹148,
UniMall,Unimall,Baskin Robbins,Timeless,Splish Splash,Homepack - Family Pack,₹262,
UniMall,Unimall,Baskin Robbins,Timeless,Splish Splash,Homepack - Large Pack,₹509,
UniMall,Unimall,Baskin Robbins,Timeless,Splish Splash,Mega Saver Pack (Selected),₹345,
UniMall,Unimall,Baskin Robbins,Timeless,Splish Splash,Value Pack (All Flavours),₹349,
UniMall,Unimall,Baskin Robbins,Timeless,Dutch Chocolate,Scoop - Small,₹79,
UniMall,Unimall,Baskin Robbins,Timeless,Dutch Chocolate,Scoop - Regular,₹109,
UniMall,Unimall,Baskin Robbins,Timeless,Dutch Chocolate,Scoop - Large,₹148,
UniMall,Unimall,Baskin Robbins,Timeless,Dutch Chocolate,Homepack - Family Pack,₹262,
UniMall,Unimall,Baskin Robbins,Timeless,Dutch Chocolate,Homepack - Large Pack,₹509,
UniMall,Unimall,Baskin Robbins,Timeless,Dutch Chocolate,Mega Saver Pack (Selected),₹345,
UniMall,Unimall,Baskin Robbins,Timeless,Dutch Chocolate,Value Pack (All Flavours),₹349,
UniMall,Unimall,Baskin Robbins,Timeless,Butterscotch Ribbon,Scoop - Small,₹79,
UniMall,Unimall,Baskin Robbins,Timeless,Butterscotch Ribbon,Scoop - Regular,₹109,
UniMall,Unimall,Baskin Robbins,Timeless,Butterscotch Ribbon,Scoop - Large,₹148,
UniMall,Unimall,Baskin Robbins,Timeless,Butterscotch Ribbon,Homepack - Family Pack,₹262,
UniMall,Unimall,Baskin Robbins,Timeless,Butterscotch Ribbon,Homepack - Large Pack,₹509,
UniMall,Unimall,Baskin Robbins,Timeless,Butterscotch Ribbon,Mega Saver Pack (Selected),₹345,
UniMall,Unimall,Baskin Robbins,Timeless,Butterscotch Ribbon,Value Pack (All Flavours),₹349,
UniMall,Unimall,Baskin Robbins,Favourite,Banana 'N Strawberries,Scoop - Small,₹89,
UniMall,Unimall,Baskin Robbins,Favourite,Banana 'N Strawberries,Scoop - Regular,₹129,
UniMall,Unimall,Baskin Robbins,Favourite,Banana 'N Strawberries,Scoop - Large,₹168,
UniMall,Unimall,Baskin Robbins,Favourite,Banana 'N Strawberries,Homepack - Family Pack,₹309,
UniMall,Unimall,Baskin Robbins,Favourite,Banana 'N Strawberries,Homepack - Large Pack,₹609,
UniMall,Unimall,Baskin Robbins,Favourite,Banana 'N Strawberries,Mega Saver Pack (Selected),₹375,
UniMall,Unimall,Baskin Robbins,Favourite,Banana 'N Strawberries,Value Pack (All Flavours),₹399,
UniMall,Unimall,Baskin Robbins,Favourite,Black Currant,Scoop - Small,₹89,
UniMall,Unimall,Baskin Robbins,Favourite,Black Currant,Scoop - Regular,₹129,
UniMall,Unimall,Baskin Robbins,Favourite,Black Currant,Scoop - Large,₹168,
UniMall,Unimall,Baskin Robbins,Favourite,Black Currant,Homepack - Family Pack,₹309,
UniMall,Unimall,Baskin Robbins,Favourite,Black Currant,Homepack - Large Pack,₹609,
UniMall,Unimall,Baskin Robbins,Favourite,Black Currant,Mega Saver Pack (Selected),₹375,
UniMall,Unimall,Baskin Robbins,Favourite,Black Currant,Value Pack (All Flavours),₹399,
UniMall,Unimall,Baskin Robbins,Favourite,Real Fig (Anjeer),Scoop - Small,₹89,
UniMall,Unimall,Baskin Robbins,Favourite,Real Fig (Anjeer),Scoop - Regular,₹129,
UniMall,Unimall,Baskin Robbins,Favourite,Real Fig (Anjeer),Scoop - Large,₹168,
UniMall,Unimall,Baskin Robbins,Favourite,Real Fig (Anjeer),Homepack - Family Pack,₹309,
UniMall,Unimall,Baskin Robbins,Favourite,Real Fig (Anjeer),Homepack - Large Pack,₹609,
UniMall,Unimall,Baskin Robbins,Favourite,Real Fig (Anjeer),Mega Saver Pack (Selected),₹375,
UniMall,Unimall,Baskin Robbins,Favourite,Real Fig (Anjeer),Value Pack (All Flavours),₹399,
UniMall,Unimall,Baskin Robbins,Favourite,Fresh Pink Guava,Scoop - Small,₹89,
UniMall,Unimall,Baskin Robbins,Favourite,Fresh Pink Guava,Scoop - Regular,₹129,
UniMall,Unimall,Baskin Robbins,Favourite,Fresh Pink Guava,Scoop - Large,₹168,
UniMall,Unimall,Baskin Robbins,Favourite,Fresh Pink Guava,Homepack - Family Pack,₹309,
UniMall,Unimall,Baskin Robbins,Favourite,Fresh Pink Guava,Homepack - Large Pack,₹609,
UniMall,Unimall,Baskin Robbins,Favourite,Fresh Pink Guava,Mega Saver Pack (Selected),₹375,
UniMall,Unimall,Baskin Robbins,Favourite,Fresh Pink Guava,Value Pack (All Flavours),₹399,
UniMall,Unimall,Baskin Robbins,Favourite,Cotton Candy,Scoop - Small,₹89,
UniMall,Unimall,Baskin Robbins,Favourite,Cotton Candy,Scoop - Regular,₹129,
UniMall,Unimall,Baskin Robbins,Favourite,Cotton Candy,Scoop - Large,₹168,
UniMall,Unimall,Baskin Robbins,Favourite,Cotton Candy,Homepack - Family Pack,₹309,
UniMall,Unimall,Baskin Robbins,Favourite,Cotton Candy,Homepack - Large Pack,₹609,
UniMall,Unimall,Baskin Robbins,Favourite,Cotton Candy,Mega Saver Pack (Selected),₹375,
UniMall,Unimall,Baskin Robbins,Favourite,Cotton Candy,Value Pack (All Flavours),₹399,
UniMall,Unimall,Baskin Robbins,Favourite,Fruit Overload,Scoop - Small,₹89,
UniMall,Unimall,Baskin Robbins,Favourite,Fruit Overload,Scoop - Regular,₹129,
UniMall,Unimall,Baskin Robbins,Favourite,Fruit Overload,Scoop - Large,₹168,
UniMall,Unimall,Baskin Robbins,Favourite,Fruit Overload,Homepack - Family Pack,₹309,
UniMall,Unimall,Baskin Robbins,Favourite,Fruit Overload,Homepack - Large Pack,₹609,
UniMall,Unimall,Baskin Robbins,Favourite,Fruit Overload,Mega Saver Pack (Selected),₹375,
UniMall,Unimall,Baskin Robbins,Favourite,Fruit Overload,Value Pack (All Flavours),₹399,
UniMall,Unimall,Baskin Robbins,Favourite,Kesar Pista,Scoop - Small,₹89,
UniMall,Unimall,Baskin Robbins,Favourite,Kesar Pista,Scoop - Regular,₹129,
UniMall,Unimall,Baskin Robbins,Favourite,Kesar Pista,Scoop - Large,₹168,
UniMall,Unimall,Baskin Robbins,Favourite,Kesar Pista,Homepack - Family Pack,₹309,
UniMall,Unimall,Baskin Robbins,Favourite,Kesar Pista,Homepack - Large Pack,₹609,
UniMall,Unimall,Baskin Robbins,Favourite,Kesar Pista,Mega Saver Pack (Selected),₹375,
UniMall,Unimall,Baskin Robbins,Favourite,Kesar Pista,Value Pack (All Flavours),₹399,
UniMall,Unimall,Baskin Robbins,Favourite,Roasted Californian Almond,Scoop - Small,₹89,
UniMall,Unimall,Baskin Robbins,Favourite,Roasted Californian Almond,Scoop - Regular,₹129,
UniMall,Unimall,Baskin Robbins,Favourite,Roasted Californian Almond,Scoop - Large,₹168,
UniMall,Unimall,Baskin Robbins,Favourite,Roasted Californian Almond,Homepack - Family Pack,₹309,
UniMall,Unimall,Baskin Robbins,Favourite,Roasted Californian Almond,Homepack - Large Pack,₹609,
UniMall,Unimall,Baskin Robbins,Favourite,Roasted Californian Almond,Mega Saver Pack (Selected),₹375,
UniMall,Unimall,Baskin Robbins,Favourite,Roasted Californian Almond,Value Pack (All Flavours),₹399,
UniMall,Unimall,Baskin Robbins,Favourite,D'Lites Bavarian Chocolate,Scoop - Small,₹89,
UniMall,Unimall,Baskin Robbins,Favourite,D'Lites Bavarian Chocolate,Scoop - Regular,₹129,
UniMall,Unimall,Baskin Robbins,Favourite,D'Lites Bavarian Chocolate,Scoop - Large,₹168,
UniMall,Unimall,Baskin Robbins,Favourite,D'Lites Bavarian Chocolate,Homepack - Family Pack,₹309,
UniMall,Unimall,Baskin Robbins,Favourite,D'Lites Bavarian Chocolate,Homepack - Large Pack,₹609,
UniMall,Unimall,Baskin Robbins,Favourite,D'Lites Bavarian Chocolate,Mega Saver Pack (Selected),₹375,
UniMall,Unimall,Baskin Robbins,Favourite,D'Lites Bavarian Chocolate,Value Pack (All Flavours),₹399,
UniMall,Unimall,Baskin Robbins,Favourite,D'Lites Very Berry Strawberry,Scoop - Small,₹89,
UniMall,Unimall,Baskin Robbins,Favourite,D'Lites Very Berry Strawberry,Scoop - Regular,₹129,
UniMall,Unimall,Baskin Robbins,Favourite,D'Lites Very Berry Strawberry,Scoop - Large,₹168,
UniMall,Unimall,Baskin Robbins,Favourite,D'Lites Very Berry Strawberry,Homepack - Family Pack,₹309,
UniMall,Unimall,Baskin Robbins,Favourite,D'Lites Very Berry Strawberry,Homepack - Large Pack,₹609,
UniMall,Unimall,Baskin Robbins,Favourite,D'Lites Very Berry Strawberry,Mega Saver Pack (Selected),₹375,
UniMall,Unimall,Baskin Robbins,Favourite,D'Lites Very Berry Strawberry,Value Pack (All Flavours),₹399,
UniMall,Unimall,Baskin Robbins,Toppings,Chocolate Chips,Topping Standard,₹14,
UniMall,Unimall,Baskin Robbins,Toppings,Chocolate Sprinkles,Topping Standard,₹14,
UniMall,Unimall,Baskin Robbins,Toppings,Wheat Crispies,Topping Standard,₹14,
UniMall,Unimall,Baskin Robbins,Toppings,Cold Chocolate,Topping Standard,₹20,
UniMall,Unimall,Baskin Robbins,Toppings,Hot Butter Scotch,Topping Standard,₹20,
UniMall,Unimall,Baskin Robbins,Toppings,Hot Dipping Chocolate,Topping Standard,₹20,
UniMall,Unimall,Baskin Robbins,Toppings,Hot Fudge,Topping Standard,₹20,
UniMall,Unimall,Baskin Robbins,Toppings,Nuts,Topping Standard,₹20,
UniMall,Unimall,Baskin Robbins,Toppings,Pineapple,Topping Standard,₹20,
UniMall,Unimall,Baskin Robbins,Toppings,Strawberry,Topping Standard,₹20,
UniMall,Unimall,Baskin Robbins,Toppings,Blueberry,Topping Standard,₹28,
UniMall,Unimall,Baskin Robbins,Toppings,Mango,Topping Standard,₹28,
UniMall,Unimall,Baskin Robbins,Toppings,Raspberry,Topping Standard,₹28,
UniMall,Unimall,Ahuja Canteen,Mojito,Green Apple,,79,
UniMall,Unimall,Ahuja Canteen,Mojito,Blue Berry,,79,
UniMall,Unimall,Ahuja Canteen,Mojito,Black Current,,79,
UniMall,Unimall,Ahuja Canteen,Mojito,Lemon Ice Tea,,79,
UniMall,Unimall,Ahuja Canteen,Mojito,Blood Orange,,79,
UniMall,Unimall,Ahuja Canteen,Mojito,Peach Ice Tea,,79,
UniMall,Unimall,Ahuja Canteen,Mojito,Peach,,79,
UniMall,Unimall,Ahuja Canteen,Mojito,Passion Fruit,,79,
UniMall,Unimall,Ahuja Canteen,Mojito,Cranberry,,79,
UniMall,Unimall,Ahuja Canteen,Mojito,Raspberry,,79,
UniMall,Unimall,Ahuja Canteen,Mojito,Apple Twist,,79,
UniMall,Unimall,Ahuja Canteen,Mojito,Fruit Beer,,79,
UniMall,Unimall,Ahuja Canteen,Mojito,Watermelon,,79,
UniMall,Unimall,Ahuja Canteen,Mojito,Mint Mojito,,79,
UniMall,Unimall,Ahuja Canteen,Mojito,Bubblegum,,79,
UniMall,Unimall,Ahuja Canteen,Mojito,Strawberry,,79,
UniMall,Unimall,Ahuja Canteen,Premium Mojito,Passion Mint,,90,
UniMall,Unimall,Ahuja Canteen,Premium Mojito,Peach Mint,,90,
UniMall,Unimall,Ahuja Canteen,Premium Mojito,Melon Mint,,90,
UniMall,Unimall,Ahuja Canteen,Premium Mojito,Lavender Mint,,90,
UniMall,Unimall,Ahuja Canteen,Premium Mojito,Strawberry Mint,,90,
UniMall,Unimall,Ahuja Canteen,Premium Mojito,Kala Khatta Mint,,90,
UniMall,Unimall,Ahuja Canteen,Premium Mojito,Lichi Melon,,90,
UniMall,Unimall,Ahuja Canteen,Premium Mojito,Classic Lemonade,,90,
UniMall,Unimall,Ahuja Canteen,Premium Mojito,Dragon Fire,,90,
UniMall,Unimall,Ahuja Canteen,Premium Mojito,Peach Fire,,90,
UniMall,Unimall,Ahuja Canteen,Refresh Mood,Fresh Lime Soda,,80,
UniMall,Unimall,Ahuja Canteen,Refresh Mood,Fresh Lime Water,,40,
UniMall,Unimall,Ahuja Canteen,Cold Coffee,Coffee Cold Coffee,,99,
UniMall,Unimall,Ahuja Canteen,Cold Coffee,Hazelnut Coffee,,99,
UniMall,Unimall,Ahuja Canteen,Cold Coffee,Caramel Coffee,,99,
UniMall,Unimall,Ahuja Canteen,Cold Coffee,Butterscotch Coffee,,99,
UniMall,Unimall,Ahuja Canteen,Cold Coffee,Irish Coffee,,99,
UniMall,Unimall,Ahuja Canteen,Cold Coffee,Vanilla Coffee,,99,
UniMall,Unimall,Ahuja Canteen,Cold Coffee,Red Velvet Coffee,,109,
UniMall,Unimall,Ahuja Canteen,Cold Coffee,Mocha Coffee,,109,
UniMall,Unimall,Ahuja Canteen,Cold Coffee,Caramel Popcorn,,119,
UniMall,Unimall,Ahuja Canteen,Cold Coffee,Caramel Hazelnut,,119,
UniMall,Unimall,Ahuja Canteen,Cold Coffee,Caramel Mocha,,119,
UniMall,Unimall,Ahuja Canteen,Cold Coffee,Oreo Coffee,,119,
UniMall,Unimall,Ahuja Canteen,Cold Coffee,Rose Coffee,,119,
UniMall,Unimall,Ahuja Canteen,Cold Coffee,Nutella Cold Coffee,,129,
UniMall,Unimall,Ahuja Canteen,Cold Coffee,Lotus Biscoff Coffee,,139,
UniMall,Unimall,Ahuja Canteen,Hot Coffee,Hot Chocolate,,69,
UniMall,Unimall,Ahuja Canteen,Hot Coffee,Expresso Hot Coffee,,50,
UniMall,Unimall,Ahuja Canteen,Hot Coffee,Irish Hot Coffee,,69,
UniMall,Unimall,Ahuja Canteen,Hot Coffee,Caramel Hot Coffee,,69,
UniMall,Unimall,Ahuja Canteen,Hot Coffee,Vanilla Hot Coffee,,69,
UniMall,Unimall,Ahuja Canteen,Hot Coffee,Black Coffee,,30,
UniMall,Unimall,Ahuja Canteen,Juices,Mix Juice,,80,
UniMall,Unimall,Ahuja Canteen,Juices,Pineapple Juice,,100,
UniMall,Unimall,Ahuja Canteen,Juices,Watermelon Juice,,80,
UniMall,Unimall,Ahuja Canteen,Juices,Orange Juice,,100,
UniMall,Unimall,Ahuja Canteen,Juices,Apple Juice,,80,
UniMall,Unimall,Ahuja Canteen,Brownie,Brownie,,80,
UniMall,Unimall,Ahuja Canteen,Brownie,Brownie with Ice Cream,,100,
UniMall,Unimall,Ahuja Canteen,Snacks,Samosa,,30,
UniMall,Unimall,Ahuja Canteen,Snacks,Cold Sandwich,,60,
UniMall,Unimall,Ahuja Canteen,Snacks,Bread Butter Garlic,,50,
UniMall,Unimall,Ahuja Canteen,Snacks,Sweet Corn,,30,
UniMall,Unimall,Ahuja Canteen,Soup,Tomato Soup,,30,
UniMall,Unimall,Ahuja Canteen,Soup,Manchow Soup,,30,
UniMall,Unimall,Ahuja Canteen,Soup,Mix Veg Soup,,30,
UniMall,Unimall,Ahuja Canteen,Soup,Sweet Corn Soup,,30,
UniMall,Unimall,Ahuja Canteen,Tea,Tea,,15,
UniMall,Unimall,Ahuja Canteen,Tea,Green Tea,,20,
UniMall,Unimall,Ahuja Canteen,Tea,Black Tea,,20,
UniMall,Unimall,Ahuja Canteen,Tea,Lemon Tea,,30,
UniMall,Unimall,Ahuja Canteen,Tea,Ginger Tea,,30,
UniMall,Unimall,Ahuja Canteen,Tea,Doodh Patti,,20,
UniMall,Unimall,Ahuja Canteen,Lassi,Sweet Lassi,,80,
UniMall,Unimall,Ahuja Canteen,Lassi,Namkeen Lassi,,80,
UniMall,Unimall,Ahuja Canteen,Lassi,Mango Lassi,,80,
UniMall,Unimall,Ahuja Canteen,Wrap,Veg Wrap,,70,
UniMall,Unimall,Ahuja Canteen,Wrap,Veg Paneer Wrap,,80,
UniMall,Unimall,Ahuja Canteen,Wrap,Aloo Tikki Veg Wrap,,90,
UniMall,Unimall,Ahuja Canteen,Wrap,Aloo Tikki Cheese Wrap,,109,
UniMall,Unimall,Ahuja Canteen,Fries,Salted Fries,,90,
UniMall,Unimall,Ahuja Canteen,Fries,Salted Cheese Fries,,99,
UniMall,Unimall,Ahuja Canteen,Fries,Peri Peri Fries,,109,
UniMall,Unimall,Ahuja Canteen,Fries,Nachos Fries,,120,
UniMall,Unimall,Ahuja Canteen,Maggi,Plain Maggi,,65,
UniMall,Unimall,Ahuja Canteen,Maggi,Double Masala Maggi,,70,
UniMall,Unimall,Ahuja Canteen,Maggi,Cheese Maggi,,70,
UniMall,Unimall,Ahuja Canteen,Maggi,Veg Cheese Maggi,,80,
UniMall,Unimall,Ahuja Canteen,Maggi,Corn Maggi,,80,
UniMall,Unimall,Ahuja Canteen,Momos,Veg Steam Momos,,60,
UniMall,Unimall,Ahuja Canteen,Momos,Veg Fried Momos,,70,
UniMall,Unimall,Ahuja Canteen,Sandwich,Veg Grilled,,80,
UniMall,Unimall,Ahuja Canteen,Sandwich,Corn Grilled,,85,
UniMall,Unimall,Ahuja Canteen,Sandwich,Paneer Makhni,,120,
UniMall,Unimall,Ahuja Canteen,Sandwich,Cheese Veg,,130,
UniMall,Unimall,Ahuja Canteen,Sandwich,Hydrabadi,,140,
UniMall,Unimall,Ahuja Canteen,Burger,Aloo Tikki Burger,,50,
UniMall,Unimall,Ahuja Canteen,Burger,Paneer Burger,,70,
UniMall,Unimall,Ahuja Canteen,Burger,Cheese Burger,,85,
UniMall,Unimall,Ahuja Canteen,Burger,Mexican Burger,,99,
UniMall,Unimall,Ahuja Canteen,Premium Shakes,Spring Oreo Strawberry,,109,
UniMall,Unimall,Ahuja Canteen,Premium Shakes,Marshmallow,,109,
UniMall,Unimall,Ahuja Canteen,Premium Shakes,Kiwi,,109,
UniMall,Unimall,Ahuja Canteen,Premium Shakes,Mix Berry,,109,
UniMall,Unimall,Ahuja Canteen,Shakes,Banana Shake,,80,
UniMall,Unimall,Ahuja Canteen,Shakes,Banana Shake with Peanut Butter,,90,
UniMall,Unimall,Ahuja Canteen,Shakes,Strawberry Shake,,80,
UniMall,Unimall,Ahuja Canteen,Shakes,Pineapple Shake,,80,
UniMall,Unimall,Ahuja Canteen,Shakes,Vanilla Shake,,80,
UniMall,Unimall,Ahuja Canteen,Shakes,Mango Shake,,80,
UniMall,Unimall,Ahuja Canteen,Shakes,Caramel Shake,,80,
UniMall,Unimall,Ahuja Canteen,Shakes,Black Current Shake,,80,
UniMall,Unimall,Ahuja Canteen,Shakes,Butter Scotch Shake,,80,
UniMall,Unimall,Ahuja Canteen,Shakes,Bubble Gum Shake,,80,
UniMall,Unimall,Ahuja Canteen,Shakes,Blue Berry Shake,,80,
UniMall,Unimall,Ahuja Canteen,Chocolate Shakes,Chocolate Shake,,80,
UniMall,Unimall,Ahuja Canteen,Chocolate Shakes,Brownie with Chocolate,,90,
UniMall,Unimall,Ahuja Canteen,Chocolate Shakes,Oreo Shake,,80,
UniMall,Unimall,Ahuja Canteen,Chocolate Shakes,KitKat Shake,,80,
UniMall,Unimall,Ahuja Canteen,Chocolate Shakes,Caramel Oreo Shake,,99,
UniMall,Unimall,UNIBISTRO,,Indian Thali,,130,
UniMall,Unimall,UNIBISTRO,,Combo 2 Curry,,100,
UniMall,Unimall,UNIBISTRO,,Curry & Rice,,80,
UniMall,Unimall,UNIBISTRO,,Patiala Tea,,15,
UniMall,Unimall,UNIBISTRO,,Kulhad Chai,,25,
UniMall,Unimall,UNIBISTRO,,Green Tea,,30,
UniMall,Unimall,UNIBISTRO,,Regular Coffee,,40,
UniMall,Unimall,UNIBISTRO,,Cappucino,,80,
UniMall,Unimall,UNIBISTRO,,Americano,,50,
UniMall,Unimall,UNIBISTRO,,Roti,,12,
UniMall,Unimall,UNIBISTRO,,Lacha Paratha,,15,
UniMall,Unimall,UNIBISTRO,,Rice,,40,
UniMall,Unimall,UNIBISTRO,,Noodle & Chilli Paneer,,120,
UniMall,Unimall,UNIBISTRO,,Noodle & Manchurian,,100,
UniMall,Unimall,UNIBISTRO,,Red Sauce Pasta,,90,
UniMall,Unimall,UNIBISTRO,,Virgin Mojito,,70,
UniMall,Unimall,UNIBISTRO,,Cold Coffee,,70,
UniMall,Unimall,UNIBISTRO,,Milk Shake,,70,
UniMall,Unimall,UNIBISTRO,,Lassi,,60,
UniMall,Unimall,UNIBISTRO,,Iced Americano,,70,
UniMall,Unimall,UNIBISTRO,,Lemon Ice Tea,,50,
UniMall,Unimall,UNIBISTRO,,Nimbu Soda,,40,
UniMall,Unimall,UNIBISTRO,,Nimbu Pani,,30,
UniMall,Unimall,UNIBISTRO,,Paneer Kulcha,,60,
UniMall,Unimall,UNIBISTRO,,Veg Sandwhich,,100,
UniMall,Unimall,UNIBISTRO,,Cheese Sandwhich,,70,
UniMall,Unimall,UNIBISTRO,,Pizza Mini,,60,
UniMall,Unimall,UNIBISTRO,,Veg Burger,,50,
UniMall,Unimall,UNIBISTRO,,Puff,,20,
UniMall,Unimall,UNIBISTRO,,Cheese Straw,,30,
UniMall,Unimall,UNIBISTRO,,Chochochips Cookies,,30,
UniMall,Unimall,UNIBISTRO,,Peanut Butter Cookies,,30,
UniMall,Unimall,UNIBISTRO,,Walnut Brownie,,80,
UniMall,Unimall,UNIBISTRO,,Choclate Danish,,50,
UniMall,Unimall,UNIBISTRO,,Cream Bun,,30,
UniMall,Unimall,UNIBISTRO,,Chochlate Doughnut,,50,
UniMall,Unimall,UNIBISTRO,,Sugar Doughnut,,40,
UniMall,Unimall,UNIBISTRO,,Sundae Glass,,60,
UniMall,Unimall,UNIBISTRO,,Chocolate Pastry,,70,
UniMall,Unimall,UNIBISTRO,,Pineapple Pastry,,50,
UniMall,Unimall,UNIBISTRO,,Mango Pastry,,60,
UniMall,Unimall,UNIBISTRO,,Dry Fruit Cake,,30,
UniMall,Unimall,CHICAGO DELIGHTS,Simple Veg Pizza,Margherita,Regular,106,
UniMall,Unimall,CHICAGO DELIGHTS,Simple Veg Pizza,Margherita,Medium,213,
UniMall,Unimall,CHICAGO DELIGHTS,Simple Veg Pizza,Margherita,Large,364,
UniMall,Unimall,CHICAGO DELIGHTS,Simple Veg Pizza,Margherita,Extra Large,630,
UniMall,Unimall,CHICAGO DELIGHTS,Simple Veg Pizza,Italian Margherita,Regular,139,
UniMall,Unimall,CHICAGO DELIGHTS,Simple Veg Pizza,Italian Margherita,Medium,417,
UniMall,Unimall,CHICAGO DELIGHTS,Simple Veg Pizza,Italian Margherita,Large,577,
UniMall,Unimall,CHICAGO DELIGHTS,Simple Veg Pizza,Italian Margherita,Extra Large,632,
UniMall,Unimall,CHICAGO DELIGHTS,Simple Veg Pizza,Crunchy Veggie,Regular,139,
UniMall,Unimall,CHICAGO DELIGHTS,Simple Veg Pizza,Crunchy Veggie,Medium,417,
UniMall,Unimall,CHICAGO DELIGHTS,Simple Veg Pizza,Crunchy Veggie,Large,577,
UniMall,Unimall,CHICAGO DELIGHTS,Simple Veg Pizza,Crunchy Veggie,Extra Large,632,
UniMall,Unimall,CHICAGO DELIGHTS,Simple Veg Pizza,Veggie D-Lights,Regular,139,
UniMall,Unimall,CHICAGO DELIGHTS,Simple Veg Pizza,Veggie D-Lights,Medium,417,
UniMall,Unimall,CHICAGO DELIGHTS,Simple Veg Pizza,Veggie D-Lights,Large,577,
UniMall,Unimall,CHICAGO DELIGHTS,Simple Veg Pizza,Veggie D-Lights,Extra Large,632,
UniMall,Unimall,CHICAGO DELIGHTS,Simple Veg Pizza,Golden Sweet Corn,Regular,139,
UniMall,Unimall,CHICAGO DELIGHTS,Simple Veg Pizza,Golden Sweet Corn,Medium,417,
UniMall,Unimall,CHICAGO DELIGHTS,Simple Veg Pizza,Golden Sweet Corn,Large,577,
UniMall,Unimall,CHICAGO DELIGHTS,Simple Veg Pizza,Golden Sweet Corn,Extra Large,632,
UniMall,Unimall,CHICAGO DELIGHTS,Simple Veg Pizza,Paneer Tikka Pizza,Regular,139,
UniMall,Unimall,CHICAGO DELIGHTS,Simple Veg Pizza,Paneer Tikka Pizza,Medium,417,
UniMall,Unimall,CHICAGO DELIGHTS,Simple Veg Pizza,Paneer Tikka Pizza,Large,577,
UniMall,Unimall,CHICAGO DELIGHTS,Simple Veg Pizza,Paneer Tikka Pizza,Extra Large,632,
UniMall,Unimall,CHICAGO DELIGHTS,Simple Veg Pizza,Hawaiian Pizza,Regular,139,
UniMall,Unimall,CHICAGO DELIGHTS,Simple Veg Pizza,Hawaiian Pizza,Medium,417,
UniMall,Unimall,CHICAGO DELIGHTS,Simple Veg Pizza,Hawaiian Pizza,Large,577,
UniMall,Unimall,CHICAGO DELIGHTS,Simple Veg Pizza,Hawaiian Pizza,Extra Large,632,
UniMall,Unimall,CHICAGO DELIGHTS,Simple Veg Pizza,Caribbean Pizza,Regular,139,
UniMall,Unimall,CHICAGO DELIGHTS,Simple Veg Pizza,Caribbean Pizza,Medium,417,
UniMall,Unimall,CHICAGO DELIGHTS,Simple Veg Pizza,Caribbean Pizza,Large,577,
UniMall,Unimall,CHICAGO DELIGHTS,Simple Veg Pizza,Caribbean Pizza,Extra Large,632,
UniMall,Unimall,CHICAGO DELIGHTS,Premium Veg Pizza,Love In Box (Heart Shape),Regular,182,
UniMall,Unimall,CHICAGO DELIGHTS,Premium Veg Pizza,Love In Box (Heart Shape),Medium,470,
UniMall,Unimall,CHICAGO DELIGHTS,Premium Veg Pizza,Love In Box (Heart Shape),Large,684,
UniMall,Unimall,CHICAGO DELIGHTS,Premium Veg Pizza,Love In Box (Heart Shape),Extra Large,728,
UniMall,Unimall,CHICAGO DELIGHTS,Premium Veg Pizza,Italian Sweet,Regular,182,
UniMall,Unimall,CHICAGO DELIGHTS,Premium Veg Pizza,Italian Sweet,Medium,470,
UniMall,Unimall,CHICAGO DELIGHTS,Premium Veg Pizza,Italian Sweet,Large,684,
UniMall,Unimall,CHICAGO DELIGHTS,Premium Veg Pizza,Italian Sweet,Extra Large,728,
UniMall,Unimall,CHICAGO DELIGHTS,Premium Veg Pizza,Heat 'N' Sweet,Regular,182,
UniMall,Unimall,CHICAGO DELIGHTS,Premium Veg Pizza,Heat 'N' Sweet,Medium,470,
UniMall,Unimall,CHICAGO DELIGHTS,Premium Veg Pizza,Heat 'N' Sweet,Large,684,
UniMall,Unimall,CHICAGO DELIGHTS,Premium Veg Pizza,Heat 'N' Sweet,Extra Large,728,
UniMall,Unimall,CHICAGO DELIGHTS,Premium Veg Pizza,Hot Stuff,Regular,182,
UniMall,Unimall,CHICAGO DELIGHTS,Premium Veg Pizza,Hot Stuff,Medium,470,
UniMall,Unimall,CHICAGO DELIGHTS,Premium Veg Pizza,Hot Stuff,Large,684,
UniMall,Unimall,CHICAGO DELIGHTS,Premium Veg Pizza,Hot Stuff,Extra Large,728,
UniMall,Unimall,CHICAGO DELIGHTS,Premium Veg Pizza,Garlic To Hot,Regular,182,
UniMall,Unimall,CHICAGO DELIGHTS,Premium Veg Pizza,Garlic To Hot,Medium,470,
UniMall,Unimall,CHICAGO DELIGHTS,Premium Veg Pizza,Garlic To Hot,Large,684,
UniMall,Unimall,CHICAGO DELIGHTS,Premium Veg Pizza,Garlic To Hot,Extra Large,728,
UniMall,Unimall,CHICAGO DELIGHTS,Premium Veg Pizza,Four Season,Regular,182,
UniMall,Unimall,CHICAGO DELIGHTS,Premium Veg Pizza,Four Season,Medium,470,
UniMall,Unimall,CHICAGO DELIGHTS,Premium Veg Pizza,Four Season,Large,684,
UniMall,Unimall,CHICAGO DELIGHTS,Premium Veg Pizza,Four Season,Extra Large,728,
UniMall,Unimall,CHICAGO DELIGHTS,Premium Veg Pizza,Super Spicy,Regular,182,
UniMall,Unimall,CHICAGO DELIGHTS,Premium Veg Pizza,Super Spicy,Medium,470,
UniMall,Unimall,CHICAGO DELIGHTS,Premium Veg Pizza,Super Spicy,Large,684,
UniMall,Unimall,CHICAGO DELIGHTS,Premium Veg Pizza,Super Spicy,Extra Large,728,
UniMall,Unimall,CHICAGO DELIGHTS,New Arrival Pizza,Peri Peri Boom,Regular,236,
UniMall,Unimall,CHICAGO DELIGHTS,New Arrival Pizza,Peri Peri Boom,Medium,524,
UniMall,Unimall,CHICAGO DELIGHTS,New Arrival Pizza,Peri Peri Boom,Large,727,
UniMall,Unimall,CHICAGO DELIGHTS,New Arrival Pizza,Peri Peri Boom,Extra Large,803,
UniMall,Unimall,CHICAGO DELIGHTS,New Arrival Pizza,Mughlai Retreat,Regular,236,
UniMall,Unimall,CHICAGO DELIGHTS,New Arrival Pizza,Mughlai Retreat,Medium,524,
UniMall,Unimall,CHICAGO DELIGHTS,New Arrival Pizza,Mughlai Retreat,Large,727,
UniMall,Unimall,CHICAGO DELIGHTS,New Arrival Pizza,Mughlai Retreat,Extra Large,803,
UniMall,Unimall,CHICAGO DELIGHTS,New Arrival Pizza,Karahi Paneer Pizza,Regular,236,
UniMall,Unimall,CHICAGO DELIGHTS,New Arrival Pizza,Karahi Paneer Pizza,Medium,524,
UniMall,Unimall,CHICAGO DELIGHTS,New Arrival Pizza,Karahi Paneer Pizza,Large,727,
UniMall,Unimall,CHICAGO DELIGHTS,New Arrival Pizza,Karahi Paneer Pizza,Extra Large,803,
UniMall,Unimall,CHICAGO DELIGHTS,New Arrival Pizza,Makhni Supreme,Regular,236,
UniMall,Unimall,CHICAGO DELIGHTS,New Arrival Pizza,Makhni Supreme,Medium,524,
UniMall,Unimall,CHICAGO DELIGHTS,New Arrival Pizza,Makhni Supreme,Large,727,
UniMall,Unimall,CHICAGO DELIGHTS,New Arrival Pizza,Makhni Supreme,Extra Large,803,
UniMall,Unimall,CHICAGO DELIGHTS,New Arrival Pizza,Cheese Pasta Pizza,Regular,236,
UniMall,Unimall,CHICAGO DELIGHTS,New Arrival Pizza,Cheese Pasta Pizza,Medium,524,
UniMall,Unimall,CHICAGO DELIGHTS,New Arrival Pizza,Cheese Pasta Pizza,Large,727,
UniMall,Unimall,CHICAGO DELIGHTS,New Arrival Pizza,Cheese Pasta Pizza,Extra Large,803,
UniMall,Unimall,CHICAGO DELIGHTS,New Arrival Pizza,Spicy Pasta Pizza,Regular,236,
UniMall,Unimall,CHICAGO DELIGHTS,New Arrival Pizza,Spicy Pasta Pizza,Medium,524,
UniMall,Unimall,CHICAGO DELIGHTS,New Arrival Pizza,Spicy Pasta Pizza,Large,727,
UniMall,Unimall,CHICAGO DELIGHTS,New Arrival Pizza,Spicy Pasta Pizza,Extra Large,803,
UniMall,Unimall,CHICAGO DELIGHTS,Special Veg Pizza,Cheese Pizza,Regular,236,
UniMall,Unimall,CHICAGO DELIGHTS,Special Veg Pizza,Cheese Pizza,Medium,546,
UniMall,Unimall,CHICAGO DELIGHTS,Special Veg Pizza,Cheese Pizza,Large,749,
UniMall,Unimall,CHICAGO DELIGHTS,Special Veg Pizza,Cheese Pizza,Extra Large,803,
UniMall,Unimall,CHICAGO DELIGHTS,Special Veg Pizza,Chicago's Spl. Paneer,Regular,236,
UniMall,Unimall,CHICAGO DELIGHTS,Special Veg Pizza,Chicago's Spl. Paneer,Medium,546,
UniMall,Unimall,CHICAGO DELIGHTS,Special Veg Pizza,Chicago's Spl. Paneer,Large,749,
UniMall,Unimall,CHICAGO DELIGHTS,Special Veg Pizza,Chicago's Spl. Paneer,Extra Large,803,
UniMall,Unimall,CHICAGO DELIGHTS,Special Veg Pizza,7 Veggies,Regular,236,
UniMall,Unimall,CHICAGO DELIGHTS,Special Veg Pizza,7 Veggies,Medium,546,
UniMall,Unimall,CHICAGO DELIGHTS,Special Veg Pizza,7 Veggies,Large,749,
UniMall,Unimall,CHICAGO DELIGHTS,Special Veg Pizza,7 Veggies,Extra Large,803,
UniMall,Unimall,CHICAGO DELIGHTS,Special Veg Pizza,Mexicana Overload,Regular,236,
UniMall,Unimall,CHICAGO DELIGHTS,Special Veg Pizza,Mexicana Overload,Medium,546,
UniMall,Unimall,CHICAGO DELIGHTS,Special Veg Pizza,Mexicana Overload,Large,749,
UniMall,Unimall,CHICAGO DELIGHTS,Special Veg Pizza,Mexicana Overload,Extra Large,803,
UniMall,Unimall,CHICAGO DELIGHTS,Special Veg Pizza,Tandoori Paneer,Regular,236,
UniMall,Unimall,CHICAGO DELIGHTS,Special Veg Pizza,Tandoori Paneer,Medium,546,
UniMall,Unimall,CHICAGO DELIGHTS,Special Veg Pizza,Tandoori Paneer,Large,749,
UniMall,Unimall,CHICAGO DELIGHTS,Special Veg Pizza,Tandoori Paneer,Extra Large,803,
UniMall,Unimall,CHICAGO DELIGHTS,Flood Pizza,Chicago's Flood,Regular,289,
UniMall,Unimall,CHICAGO DELIGHTS,Flood Pizza,Chicago's Flood,Medium,642,
UniMall,Unimall,CHICAGO DELIGHTS,Flood Pizza,Chicago's Flood,Large,851,
UniMall,Unimall,CHICAGO DELIGHTS,Flood Pizza,Chicago's Flood,Extra Large,900,
UniMall,Unimall,CHICAGO DELIGHTS,Single Veg Pizza,Onion,Regular,85,
UniMall,Unimall,CHICAGO DELIGHTS,Single Veg Pizza,Onion,Medium,213,
UniMall,Unimall,CHICAGO DELIGHTS,Single Veg Pizza,Onion,Large,320,
UniMall,Unimall,CHICAGO DELIGHTS,Single Veg Pizza,Capsicum,Regular,85,
UniMall,Unimall,CHICAGO DELIGHTS,Single Veg Pizza,Capsicum,Medium,213,
UniMall,Unimall,CHICAGO DELIGHTS,Single Veg Pizza,Capsicum,Large,320,
UniMall,Unimall,CHICAGO DELIGHTS,Single Veg Pizza,Corn,Regular,85,
UniMall,Unimall,CHICAGO DELIGHTS,Single Veg Pizza,Corn,Medium,213,
UniMall,Unimall,CHICAGO DELIGHTS,Single Veg Pizza,Corn,Large,320,
UniMall,Unimall,CHICAGO DELIGHTS,Single Veg Pizza,Tomato,Regular,85,
UniMall,Unimall,CHICAGO DELIGHTS,Single Veg Pizza,Tomato,Medium,213,
UniMall,Unimall,CHICAGO DELIGHTS,Single Veg Pizza,Tomato,Large,320,
UniMall,Unimall,CHICAGO DELIGHTS,Double Veg Pizza,Onion + Capsicum,Regular,95,
UniMall,Unimall,CHICAGO DELIGHTS,Double Veg Pizza,Onion + Capsicum,Medium,245,
UniMall,Unimall,CHICAGO DELIGHTS,Double Veg Pizza,Onion + Capsicum,Large,365,
UniMall,Unimall,CHICAGO DELIGHTS,Double Veg Pizza,Onion + Paneer,Regular,95,
UniMall,Unimall,CHICAGO DELIGHTS,Double Veg Pizza,Onion + Paneer,Medium,245,
UniMall,Unimall,CHICAGO DELIGHTS,Double Veg Pizza,Onion + Paneer,Large,365,
UniMall,Unimall,CHICAGO DELIGHTS,Double Veg Pizza,Paneer + Corn,Regular,95,
UniMall,Unimall,CHICAGO DELIGHTS,Double Veg Pizza,Paneer + Corn,Medium,245,
UniMall,Unimall,CHICAGO DELIGHTS,Double Veg Pizza,Paneer + Corn,Large,365,
UniMall,Unimall,CHICAGO DELIGHTS,Double Veg Pizza,Onion + Tomato,Regular,95,
UniMall,Unimall,CHICAGO DELIGHTS,Double Veg Pizza,Onion + Tomato,Medium,245,
UniMall,Unimall,CHICAGO DELIGHTS,Double Veg Pizza,Onion + Tomato,Large,365,
UniMall,Unimall,CHICAGO DELIGHTS,Choice of Crust,Thin Crust,Regular,21,
UniMall,Unimall,CHICAGO DELIGHTS,Choice of Crust,Thin Crust,Medium,32,
UniMall,Unimall,CHICAGO DELIGHTS,Choice of Crust,Thin Crust,Large,43,
UniMall,Unimall,CHICAGO DELIGHTS,Choice of Crust,Thin Crust,Extra Large,54,
UniMall,Unimall,CHICAGO DELIGHTS,Choice of Crust,Cheese Burst,Regular,54,
UniMall,Unimall,CHICAGO DELIGHTS,Choice of Crust,Cheese Burst,Medium,86,
UniMall,Unimall,CHICAGO DELIGHTS,Choice of Crust,Cheese Burst,Large,107,
UniMall,Unimall,CHICAGO DELIGHTS,Choice of Crust,Cheese Burst,Extra Large,268,
UniMall,Unimall,CHICAGO DELIGHTS,Fries,Classic Fries,Regular,74,
UniMall,Unimall,CHICAGO DELIGHTS,Fries,Cheesy Fries,Regular,95,
UniMall,Unimall,CHICAGO DELIGHTS,Fries,Pizza Fries,Regular,106,
UniMall,Unimall,CHICAGO DELIGHTS,Fries,Tandoori Fries,Regular,106,
UniMall,Unimall,CHICAGO DELIGHTS,Fries,Peri Peri Cheesy Fries,Regular,117,
UniMall,Unimall,CHICAGO DELIGHTS,Fries,Chilly Cheese Fries,Regular,127,
UniMall,Unimall,CHICAGO DELIGHTS,Zingy Parcel,Zingey Parcel,Regular,127,
UniMall,Unimall,CHICAGO DELIGHTS,Zingy Parcel,Paneer Parcel,Regular,138,
UniMall,Unimall,CHICAGO DELIGHTS,Calzones,Spicy Bunch,Regular,106,
UniMall,Unimall,CHICAGO DELIGHTS,Calzones,Zesty Bunch,Regular,127,
UniMall,Unimall,CHICAGO DELIGHTS,Chocolawa,Chocolawa Cake,Regular,75,
UniMall,Unimall,CHICAGO DELIGHTS,Chocolawa,Strawberry,Regular,86,
UniMall,Unimall,CHICAGO DELIGHTS,Chocolawa,Chocolate,Regular,86,
UniMall,Unimall,CHICAGO DELIGHTS,Chocolawa,Butter Scoth,Regular,86,
UniMall,Unimall,CHICAGO DELIGHTS,Chocolawa,Vanilla Shake,Regular,86,
UniMall,Unimall,CHICAGO DELIGHTS,Chocolawa,Oreo Frappe,Regular,86,
UniMall,Unimall,CHICAGO DELIGHTS,Coolers,Bluebery,Regular,51,
UniMall,Unimall,CHICAGO DELIGHTS,Coolers,Bubblegum,Regular,51,
UniMall,Unimall,CHICAGO DELIGHTS,Coolers,Mint,Regular,51,
UniMall,Unimall,CHICAGO DELIGHTS,Coolers,Green Apple,Regular,51,
UniMall,Unimall,CHICAGO DELIGHTS,Colf Coffee,Classic Cold Coffee,Regular,96,
UniMall,Unimall,CHICAGO DELIGHTS,Veg Burger,Aloo Tikki Burger,Regular,59,
UniMall,Unimall,CHICAGO DELIGHTS,Veg Burger,Healthy Veg Burger,Regular,80,
UniMall,Unimall,CHICAGO DELIGHTS,Veg Burger,Cheese Burger,Regular,86,
UniMall,Unimall,CHICAGO DELIGHTS,Veg Burger,Deluxe Burger,Regular,75,
UniMall,Unimall,CHICAGO DELIGHTS,Veg Burger,Maharaja Burger,Regular,117,
UniMall,Unimall,CHICAGO DELIGHTS,Veg Burger,Cheese Veggie Burger,Regular,129,
UniMall,Unimall,CHICAGO DELIGHTS,Garlic Bread,Bread Stick + DIP,Regular,106,
UniMall,Unimall,CHICAGO DELIGHTS,Garlic Bread,Stuffed Garlic Bread Stick + DIP,Regular,138,
UniMall,Unimall,CHICAGO DELIGHTS,Veg Wrap,Aloo Tikki Wrap,Regular,80,
UniMall,Unimall,CHICAGO DELIGHTS,Veg Wrap,Mexican Wrap,Regular,95,
UniMall,Unimall,CHICAGO DELIGHTS,Veg Wrap,Cheese Wrap,Regular,106,
UniMall,Unimall,CHICAGO DELIGHTS,Veg Wrap,Cheese Veg Wrap,Regular,91,
UniMall,Unimall,CHICAGO DELIGHTS,Veg Wrap,Goats Cheese Wrap,Regular,106,
UniMall,Unimall,CHICAGO DELIGHTS,Pasta,Red Sauce Pasta,Regular,129,
UniMall,Unimall,CHICAGO DELIGHTS,Pasta,White Sauce Pasta,Regular,129,
UniMall,Unimall,CHICAGO DELIGHTS,Pasta,Makhni Pasta,Regular,139,
UniMall,Unimall,CHICAGO DELIGHTS,Pasta,Mix Sauce Pasta,Regular,139,
UniMall,Unimall,CHICAGO DELIGHTS,Pasta,Tandoori Pasta,Regular,139,
UniMall,Unimall,CHICAGO DELIGHTS,Sandwhich,Garden Veg Sandwhich,Regular,70,
UniMall,Unimall,CHICAGO DELIGHTS,Sandwhich,Mushroom Corn Sandwhich,Regular,81,
UniMall,Unimall,CHICAGO DELIGHTS,Sandwhich,Busty Cheese Sandwhich,Regular,92,
UniMall,Unimall,CHICAGO DELIGHTS,Sandwhich,Paneer Tikka Sandwhich,Regular,108,
UniMall,Unimall,Chai Vyanjan,Chai (Doodh Patti),Adrak (S),,22,
UniMall,Unimall,Chai Vyanjan,Chai (Doodh Patti),Adrak (M),,37,
UniMall,Unimall,Chai Vyanjan,Chai (Doodh Patti),Adrak (L),,65,
UniMall,Unimall,Chai Vyanjan,Chai (Doodh Patti),Rose (S),,22,
UniMall,Unimall,Chai Vyanjan,Chai (Doodh Patti),Rose (M),,37,
UniMall,Unimall,Chai Vyanjan,Chai (Doodh Patti),Rose (L),,65,
UniMall,Unimall,Chai Vyanjan,Chai (Doodh Patti),Chocolate (S),,22,
UniMall,Unimall,Chai Vyanjan,Chai (Doodh Patti),Chocolate (M),,37,
UniMall,Unimall,Chai Vyanjan,Chai (Doodh Patti),Chocolate (L),,65,
UniMall,Unimall,Chai Vyanjan,Chai (Doodh Patti),Elaichi (S),,22,
UniMall,Unimall,Chai Vyanjan,Chai (Doodh Patti),Elaichi (M),,37,
UniMall,Unimall,Chai Vyanjan,Chai (Doodh Patti),Elaichi (L),,65,
UniMall,Unimall,Chai Vyanjan,Chai (Doodh Patti),Masala (S),,23,
UniMall,Unimall,Chai Vyanjan,Chai (Doodh Patti),Masala (M),,40,
UniMall,Unimall,Chai Vyanjan,Chai (Doodh Patti),Masala (L),,72,
UniMall,Unimall,Chai Vyanjan,Chai (Doodh Patti),Kesar (S),,23,
UniMall,Unimall,Chai Vyanjan,Chai (Doodh Patti),Kesar (M),,40,
UniMall,Unimall,Chai Vyanjan,Chai (Doodh Patti),Kesar (L),,72,
UniMall,Unimall,Chai Vyanjan,Chai (Doodh Patti),Gurh (S),,25,
UniMall,Unimall,Chai Vyanjan,Chai (Doodh Patti),Gurh (M),,45,
UniMall,Unimall,Chai Vyanjan,Chai (Doodh Patti),Gurh (L),,80,
UniMall,Unimall,Chai Vyanjan,Ice Tea,Ice Tea,,75,
UniMall,Unimall,Chai Vyanjan,Ice Tea,Lemon Ice Tea,,79,
UniMall,Unimall,Chai Vyanjan,Hot Coffee,Hot Coffee (M),,48,
UniMall,Unimall,Chai Vyanjan,Hot Coffee,Hot Coffee (L),,80,
UniMall,Unimall,Chai Vyanjan,Hot Coffee,Black Coffee (M),,48,
UniMall,Unimall,Chai Vyanjan,Hot Coffee,Black Coffee (L),,80,
UniMall,Unimall,Chai Vyanjan,Hot Coffee,Strong Coffee (M),,55,
UniMall,Unimall,Chai Vyanjan,Hot Coffee,Strong Coffee (L),,90,
UniMall,Unimall,Chai Vyanjan,Hot Coffee,Choco Coffee (M),,60,
UniMall,Unimall,Chai Vyanjan,Hot Coffee,Choco Coffee (L),,95,
UniMall,Unimall,Chai Vyanjan,Hot Coffee,Hazelnut Coffee (M),,75,
UniMall,Unimall,Chai Vyanjan,Hot Coffee,Hazelnut Coffee (L),,115,
UniMall,Unimall,Chai Vyanjan,Hot Coffee,Irish Coffee (M),,75,
UniMall,Unimall,Chai Vyanjan,Hot Coffee,Irish Coffee (L),,115,
UniMall,Unimall,Chai Vyanjan,Cold Coffee (Ice Cream Base),Cold Coffee,,109,
UniMall,Unimall,Chai Vyanjan,Cold Coffee (Ice Cream Base),Choco Coffee,,119,
UniMall,Unimall,Chai Vyanjan,Cold Coffee (Ice Cream Base),Irish Coffee,,129,
UniMall,Unimall,Chai Vyanjan,Cold Coffee (Ice Cream Base),Hazelnut Coffee,,129,
UniMall,Unimall,Chai Vyanjan,Milk Shakes (Ice Cream Base),Mango,,109,
UniMall,Unimall,Chai Vyanjan,Milk Shakes (Ice Cream Base),Strawberry,,109,
UniMall,Unimall,Chai Vyanjan,Milk Shakes (Ice Cream Base),Butter Scotch,,109,
UniMall,Unimall,Chai Vyanjan,Milk Shakes (Ice Cream Base),Pine Apple,,109,
UniMall,Unimall,Chai Vyanjan,Milk Shakes (Ice Cream Base),Black Currant,,109,
UniMall,Unimall,Chai Vyanjan,Milk Shakes (Ice Cream Base),Chocolate,,119,
UniMall,Unimall,Chai Vyanjan,Milk Shakes (Ice Cream Base),Oreo,,129,
UniMall,Unimall,Chai Vyanjan,Summer Special,Nimboo Pani,,45,
UniMall,Unimall,Chai Vyanjan,Summer Special,Jaljeera,,45,
UniMall,Unimall,Chai Vyanjan,Summer Special,Aam Panna,,45,
UniMall,Unimall,Chai Vyanjan,Ice Crusher,Cool Blue,,89,
UniMall,Unimall,CanadianPizza,Veg Pizza,Margherita Pizza,"Personal (6"")",149,
UniMall,Unimall,CanadianPizza,Veg Pizza,Margherita Pizza,"Medium (9"")",269,
UniMall,Unimall,CanadianPizza,Veg Pizza,Farmhouse Pizza,Personal,189,
UniMall,Unimall,CanadianPizza,Veg Pizza,Farmhouse Pizza,Medium,329,
UniMall,Unimall,CanadianPizza,Veg Pizza,Veggie Supreme,Personal,199,
UniMall,Unimall,CanadianPizza,Veg Pizza,Veggie Supreme,Medium,349,
UniMall,Unimall,CanadianPizza,Non-Veg Pizza,Chicken Tikka Pizza,Personal,229,
UniMall,Unimall,CanadianPizza,Non-Veg Pizza,Chicken Tikka Pizza,Medium,399,
UniMall,Unimall,CanadianPizza,Non-Veg Pizza,BBQ Chicken Pizza,Personal,249,
UniMall,Unimall,CanadianPizza,Non-Veg Pizza,BBQ Chicken Pizza,Medium,429,
UniMall,Unimall,CanadianPizza,Garlic Bread,Garlic Breadsticks,4 Pieces,119,
UniMall,Unimall,CanadianPizza,Garlic Bread,Cheese Garlic Bread,4 Pieces,159,
UniMall,Unimall,CanadianPizza,Pasta,White Sauce Pasta,Regular,199,
UniMall,Unimall,CanadianPizza,Pasta,Red Sauce Pasta,Regular,189,
UniMall,Unimall,CanadianPizza,Pasta,Chicken Alfredo Pasta,Regular,249,
UniMall,Unimall,CanadianPizza,Burgers,Veg Burger,Regular,129,
UniMall,Unimall,CanadianPizza,Burgers,Chicken Burger,Regular,159,
UniMall,Unimall,CanadianPizza,Fries,French Fries,Regular,99,
UniMall,Unimall,CanadianPizza,Fries,French Fries,Large,149,
UniMall,Unimall,CanadianPizza,Beverages,Pepsi,500ml,60,
UniMall,Unimall,CanadianPizza,Beverages,Coca-Cola,500ml,60,
UniMall,Unimall,CanadianPizza,Beverages,Cold Coffee,Regular,120,
UniMall,Unimall,CanadianPizza,Desserts,Choco Lava Cake,Regular,99,
UniMall,Unimall,CanadianPizza,Desserts,Brownie with Ice Cream,Regular,149,